N,K,regime,seed,solver,p,alpha,in_sample_obj,in_sample_gap,iterations,out_of_sample_sharpe,feasible,runtime
10,3,stable,42,gurobi,,,-0.3040993466894405,0.0,1,0.8779607169839445,True,0.006747129000359564
10,3,stable,42,sa,0.0,0.0,-0.3040993466894405,0.0,1000,0.8779607169839445,True,0.2841715410004326
10,3,stable,42,xy_normal,2.0,0.0,-0.06671590762509727,0.7806114733510741,45,0.7515039644685019,True,16.784538286000497
10,3,stable,42,xy_regularized,2.0,0.05,-0.06671590762509727,0.7806114733510741,50,0.7515039644685019,True,17.801224064000053
10,3,stable,42,xy_regularized,2.0,0.1,-0.06671590762509727,0.7806114733510741,47,0.7515039644685019,True,17.874808773999575
10,3,stable,43,gurobi,,,-0.2671622748616663,0.0,1,0.7760895802041966,True,0.029706705000535294
10,3,stable,43,sa,0.0,0.0,-0.2671622748616663,0.0,1000,0.7760895802041966,True,0.2997066989992163
10,3,stable,43,xy_normal,2.0,0.0,-0.12460255578380802,0.5336072211230951,49,1.4770070528737151,True,16.632141500000216
10,3,stable,43,xy_regularized,2.0,0.05,-0.12460255578380802,0.5336072211230951,46,1.4770070528737151,True,15.872973554000055
10,3,stable,43,xy_regularized,2.0,0.1,-0.12460255578380802,0.5336072211230951,53,1.4770070528737151,True,19.078442163000545
10,3,stable,44,gurobi,,,-0.2534665258434457,0.0,1,0.799428058810063,True,0.03194556800008286
10,3,stable,44,sa,0.0,0.0,-0.2534665258434457,0.0,1000,0.799428058810063,True,0.2913736499995139
10,3,stable,44,xy_normal,2.0,0.0,-0.07002163597527619,0.7237440496638785,60,1.8105269799514228,True,19.47839117499916
10,3,stable,44,xy_regularized,2.0,0.05,-0.025214878881375587,0.9005198860185994,47,1.801410629942596,True,16.20718981200025
10,3,stable,44,xy_regularized,2.0,0.1,-0.025214878881375587,0.9005198860185994,51,1.801410629942596,True,18.08307012700061
15,4,stable,42,gurobi,,,-0.2917894604796781,0.0,1,1.0318952333111788,True,0.031290527999772166
15,4,stable,42,sa,0.0,0.0,-0.2908361606435767,0.0032670811157271625,1000,0.9787189840164117,True,0.471791927000595
15,4,stable,42,xy_normal,2.0,0.0,-0.20851883722718267,0.2853791330077697,49,0.9943773032245957,True,41.50592744500045
15,4,stable,42,xy_regularized,2.0,0.05,-0.09859495094294342,0.6621024255610146,54,0.9224053203156292,True,44.08446924299915
15,4,stable,42,xy_regularized,2.0,0.1,-0.20851883722718267,0.2853791330077697,45,0.9943773032245957,True,36.79194147899943
15,4,stable,43,gurobi,,,-0.31887507184141867,0.0,1,1.45404850915231,True,0.02865733700036799
15,4,stable,43,sa,0.0,0.0,-0.31887507184141867,0.0,1000,1.45404850915231,True,0.45304794700041384
15,4,stable,43,xy_normal,2.0,0.0,-0.23653597572112708,0.25821741299752665,48,1.7878263292267023,True,37.77571162499953
15,4,stable,43,xy_regularized,2.0,0.05,-0.19631929997627623,0.3843378886829111,48,1.3581413542864762,True,37.167459610999686
15,4,stable,43,xy_regularized,2.0,0.1,-0.19631929997627623,0.3843378886829111,48,1.3581413542864762,True,36.81931014800011
15,4,stable,44,gurobi,,,-0.28463748880230905,0.0,1,1.000933571511991,True,0.013751827999840316
15,4,stable,44,sa,0.0,0.0,-0.28463748880230905,0.0,1000,1.000933571511991,True,0.44123589099945093
15,4,stable,44,xy_normal,2.0,0.0,-0.1515663121243959,0.4675110690367841,56,1.4225231885087422,True,43.94380103200001
15,4,stable,44,xy_regularized,2.0,0.05,-0.13681387608750248,0.5193399272064102,58,2.1098385954972296,True,45.39193145799982
15,4,stable,44,xy_regularized,2.0,0.1,-0.13681387608750248,0.5193399272064102,52,2.1098385954972296,True,39.49861649400009
20,5,stable,42,gurobi,,,-0.29035637312228557,0.0,1,1.2272919566262848,True,0.04048080100074003
20,5,stable,42,sa,0.0,0.0,-0.28257232477490757,0.026808601663100735,1000,0.5140574424638651,True,0.5994377540000642
20,5,stable,42,xy_normal,2.0,0.0,-0.19298771808215395,0.3353418903573511,49,1.7300876778447107,True,77.78465466399939
20,5,stable,42,xy_regularized,2.0,0.05,-0.21069446393322022,0.2743590861548446,47,1.4958009327731372,True,74.37823380300051
20,5,stable,42,xy_regularized,2.0,0.1,-0.21069446393322022,0.2743590861548446,51,1.4958009327731372,True,81.69009068000014
20,5,stable,43,gurobi,,,-0.30864089369032904,0.0,1,1.7457831388362075,True,0.02007148299981054
20,5,stable,43,sa,0.0,0.0,-0.3064316624148588,0.007157934417099117,1000,1.4424536406040234,True,0.6061801420000847
20,5,stable,43,xy_normal,2.0,0.0,-0.12754346356035146,0.5867577298803425,46,0.7070613037685454,True,77.76368364100017
20,5,stable,43,xy_regularized,2.0,0.05,-0.17006402206365293,0.4489906375326773,49,0.7941642035704239,True,78.5234041879994
20,5,stable,43,xy_regularized,2.0,0.1,-0.12754346356035146,0.5867577298803425,47,0.7070613037685454,True,74.53081837300033
20,5,stable,44,gurobi,,,-0.2843961589988856,0.0,1,1.512887163144395,True,0.033525955000186514
20,5,stable,44,sa,0.0,0.0,-0.28412412596064157,0.0009565285241601659,1000,1.1738150266406107,True,0.6453937159994894
20,5,stable,44,xy_normal,2.0,0.0,-0.0730094679740679,0.7432825104562892,52,0.7248769809605358,True,83.22962519599969
20,5,stable,44,xy_regularized,2.0,0.05,-0.18477890816837245,0.3502763580956222,45,0.8822825507159249,True,74.76851678799994
20,5,stable,44,xy_regularized,2.0,0.1,-0.19017240992648768,0.3313116091443666,53,1.505564234230501,True,88.87868343500031
10,3,volatile,42,gurobi,,,-0.16317299162666227,0.0,1,2.6400775707840394,True,0.03474103600001399
10,3,volatile,42,sa,0.0,0.0,-0.16317299162666227,0.0,1000,2.6400775707840394,True,0.28938566600027116
10,3,volatile,42,xy_normal,2.0,0.0,-0.12989033784596007,0.20397158530286974,51,2.125219364543566,True,18.107264780999685
10,3,volatile,42,xy_regularized,2.0,0.05,-0.12989033784596007,0.20397158530286974,46,2.125219364543566,True,16.396089457000016
10,3,volatile,42,xy_regularized,2.0,0.1,-0.12989033784596007,0.20397158530286974,45,2.125219364543566,True,17.28057892400011
10,3,volatile,43,gurobi,,,-0.17976812692218258,0.0,1,2.6512016282743596,True,0.032877977999305585
10,3,volatile,43,sa,0.0,0.0,-0.17976812692218258,0.0,1000,2.6512016282743596,True,0.29668677399968146
10,3,volatile,43,xy_normal,2.0,0.0,-0.06048648846406095,0.6635305184536737,44,0.7839893548749824,True,16.155031005000637
10,3,volatile,43,xy_regularized,2.0,0.05,-0.07216427778507449,0.5985702303261317,45,3.2754015179939273,True,16.06795374400008
10,3,volatile,43,xy_regularized,2.0,0.1,-0.02796154977036843,0.8444576897523534,48,2.0115618807307345,True,16.948254166999504
10,3,volatile,44,gurobi,,,-0.13406447788530532,0.0,1,1.8053896556927387,True,0.021789006999824778
10,3,volatile,44,sa,0.0,0.0,-0.13406447788530532,0.0,1000,1.8053896556927387,True,0.313149003000035
10,3,volatile,44,xy_normal,2.0,0.0,-0.04137929390913124,0.6913478159029418,52,1.1314285275633447,True,18.402781881999545
10,3,volatile,44,xy_regularized,2.0,0.05,0.022177659827287657,1.1654253250160798,52,0.7135126218066572,True,18.17665143100021
10,3,volatile,44,xy_regularized,2.0,0.1,-0.04137929390913124,0.6913478159029418,47,1.1314285275633447,True,17.598947999000302
15,4,volatile,42,gurobi,,,-0.18147683540467258,0.0,1,2.4359822922553773,True,0.014333512000121118
15,4,volatile,42,sa,0.0,0.0,-0.17387007610081773,0.04191586924519951,1000,2.5756025372248956,True,0.44875939400026255
15,4,volatile,42,xy_normal,2.0,0.0,-0.05997286272437018,0.6695288266921916,46,1.9675040852098151,True,37.13032044400006
15,4,volatile,42,xy_regularized,2.0,0.05,-0.08664099650475586,0.522578205027896,46,1.03649346756624,True,36.16002821300026
15,4,volatile,42,xy_regularized,2.0,0.1,-0.05573159412717601,0.6928996805410402,47,-0.2692557350676171,True,36.999439535999954
15,4,volatile,43,gurobi,,,-0.19714031224657624,0.0,1,2.8364389475184373,True,0.013759183000729536
15,4,volatile,43,sa,0.0,0.0,-0.19443753511742848,0.013709916040749828,1000,2.6930439915581186,True,0.4966012260001662
15,4,volatile,43,xy_normal,2.0,0.0,-0.07684409133345327,0.610206099109048,44,3.213990373966398,True,35.195945625000604
15,4,volatile,43,xy_regularized,2.0,0.05,-0.10073564886146133,0.48901547474742413,46,0.9585994687557984,True,37.66284763800013
15,4,volatile,43,xy_regularized,2.0,0.1,-0.10501815099045514,0.4672923574398011,44,1.5615310902597275,True,35.85310504300014
15,4,volatile,44,gurobi,,,-0.1444915737820975,0.0,1,1.630129124818479,True,0.01969405599993479
15,4,volatile,44,sa,0.0,0.0,-0.13863438232811975,0.04053656071883315,1000,1.3963489409827823,True,0.49323603799984994
15,4,volatile,44,xy_normal,2.0,0.0,-0.0648613839094023,0.5511061149682168,52,0.6978497995962948,True,41.48912568600008
15,4,volatile,44,xy_regularized,2.0,0.05,-0.01814343862588625,0.874432548895566,57,1.488703341005377,True,46.1805428990001
15,4,volatile,44,xy_regularized,2.0,0.1,-0.01814343862588625,0.874432548895566,45,1.488703341005377,True,36.20714269200016
20,5,volatile,42,gurobi,,,-0.19249897356382323,0.0,1,2.464893067356628,True,0.041891930000019784
20,5,volatile,42,sa,0.0,0.0,-0.18909742277949365,0.017670487906273374,1000,2.8721494193150665,True,0.6492236450003475
20,5,volatile,42,xy_normal,2.0,0.0,-0.12619733453567367,0.34442593537345373,55,1.8270195266435092,True,94.50015799499943
20,5,volatile,42,xy_regularized,2.0,0.05,-0.11063357288982778,0.4252770763312818,49,1.5892680803634778,True,79.6673003699998
20,5,volatile,42,xy_regularized,2.0,0.1,-0.11063357288982778,0.4252770763312818,50,1.5892680803634778,True,80.30128502200023
20,5,volatile,43,gurobi,,,-0.20720568543531676,0.0,1,2.482784089285413,True,0.045575656999972125
20,5,volatile,43,sa,0.0,0.0,-0.20376924375221256,0.016584688185001313,1000,2.5303003469323437,True,0.6859952569993766
20,5,volatile,43,xy_normal,2.0,0.0,-0.14283811593973866,0.3106457690113511,51,2.874023635592304,True,84.77442737700039
20,5,volatile,43,xy_regularized,2.0,0.05,-0.15398250762022794,0.25686157068167637,52,2.2971744292312204,True,85.68875112600017
20,5,volatile,43,xy_regularized,2.0,0.1,-0.15398250762022794,0.25686157068167637,52,2.2971744292312204,True,85.76755208299983
20,5,volatile,44,gurobi,,,-0.1655647912089957,0.0,1,1.915619639103611,True,0.033570086000509036
20,5,volatile,44,sa,0.0,0.0,-0.1636249986012912,0.011716214501523183,1000,1.6683115906642458,True,0.6222382939995441
20,5,volatile,44,xy_normal,2.0,0.0,-0.0471110929526444,0.7154522250254576,55,2.370471882521219,True,90.49176696499944
20,5,volatile,44,xy_regularized,2.0,0.05,-0.0471110929526444,0.7154522250254576,53,2.370471882521219,True,90.20191189900015
20,5,volatile,44,xy_regularized,2.0,0.1,-0.07988172097089832,0.5175198761307768,49,2.0325290213681018,True,84.01631811200059
10,3,inflationary,42,gurobi,,,-0.13379493461768038,0.0,1,0.5379284885791845,True,0.03642826099985541
10,3,inflationary,42,sa,0.0,0.0,-0.13379493461768038,0.0,1000,0.5379284885791845,True,0.2719180009999036
10,3,inflationary,42,xy_normal,2.0,0.0,-0.06888288249643201,0.485160759685969,51,0.5720265714961548,True,17.332566348
10,3,inflationary,42,xy_regularized,2.0,0.05,-0.06888288249643201,0.485160759685969,49,0.5720265714961548,True,18.005091697999887
10,3,inflationary,42,xy_regularized,2.0,0.1,-0.06888288249643201,0.485160759685969,47,0.5720265714961548,True,16.58259841800009
10,3,inflationary,43,gurobi,,,-0.09372920697037494,0.0,1,0.2026320577145167,True,0.032007557999349956
10,3,inflationary,43,sa,0.0,0.0,-0.09372920697037494,0.0,1000,0.2026320577145167,True,0.3007923949999167
10,3,inflationary,43,xy_normal,2.0,0.0,0.07282691871655694,1.7769927973419792,53,2.795758625818649,True,18.666133892999824
10,3,inflationary,43,xy_regularized,2.0,0.05,0.07282691871655694,1.7769927973419792,47,2.795758625818649,True,17.510788087999572
10,3,inflationary,43,xy_regularized,2.0,0.1,0.07282691871655694,1.7769927973419792,48,2.795758625818649,True,16.977522246000262
10,3,inflationary,44,gurobi,,,-0.12661698891685147,0.0,1,-0.04478255765198863,True,0.02159258299980138
10,3,inflationary,44,sa,0.0,0.0,-0.12661698891685147,0.0,1000,-0.04478255765198863,True,0.2972466450000866
10,3,inflationary,44,xy_normal,2.0,0.0,-0.067074265667933,0.4702585629170173,46,0.23934657700047707,True,16.029350619999605
10,3,inflationary,44,xy_regularized,2.0,0.05,-0.067074265667933,0.4702585629170173,49,0.23934657700047707,True,17.64272144700044
10,3,inflationary,44,xy_regularized,2.0,0.1,-0.067074265667933,0.4702585629170173,48,0.23934657700047707,True,16.849485333999837
15,4,inflationary,42,gurobi,,,-0.1272863160237571,0.0,1,-0.25812857310152615,True,0.02105159399980039
15,4,inflationary,42,sa,0.0,0.0,-0.1272863160237571,0.0,1000,-0.25812857310152615,True,0.4338318010004514
15,4,inflationary,42,xy_normal,2.0,0.0,-0.016494042401077248,0.8704177878948217,55,0.9782040902158009,True,42.87713869500021
15,4,inflationary,42,xy_regularized,2.0,0.05,0.019453830678606197,1.152835208735048,51,1.1015738063933926,True,40.16862615399987
15,4,inflationary,42,xy_regularized,2.0,0.1,-0.022921214971725886,0.8199239660023799,47,1.50358530231834,True,37.58080827899994
15,4,inflationary,43,gurobi,,,-0.08330973855251228,0.0,1,0.04641299216114809,True,0.013807244000417995
15,4,inflationary,43,sa,0.0,0.0,-0.08330973855251228,0.0,1000,0.04641299216114809,True,0.48753418199976295
15,4,inflationary,43,xy_normal,2.0,0.0,-0.013769504483243648,0.8347191490156414,52,1.7294889434274556,True,40.95931049400042
15,4,inflationary,43,xy_regularized,2.0,0.05,0.0937555718615535,2.125385501029474,55,3.1073761758604173,True,42.05646871600038
15,4,inflationary,43,xy_regularized,2.0,0.1,-0.013769504483243648,0.8347191490156414,45,1.7294889434274556,True,36.38204579400008
15,4,inflationary,44,gurobi,,,-0.11493926193640903,0.0,1,0.05794745234387557,True,0.013887213000089105
15,4,inflationary,44,sa,0.0,0.0,-0.1105750296582609,0.03796989996823437,1000,-0.43099757866758254,True,0.45696911600043677
15,4,inflationary,44,xy_normal,2.0,0.0,-0.04625791688273748,0.5975446848759999,51,1.6116122140983489,True,40.986674752
15,4,inflationary,44,xy_regularized,2.0,0.05,-0.04469325850684179,0.6111575996410291,53,1.0467437981812495,True,43.30889206499978
15,4,inflationary,44,xy_regularized,2.0,0.1,-0.04469325850684179,0.6111575996410291,51,1.0467437981812495,True,41.657117020999976
20,5,inflationary,42,gurobi,,,-0.1328518178426974,0.0,1,-0.394642307070496,True,0.02539348600021185
20,5,inflationary,42,sa,0.0,0.0,-0.12289151935005556,0.07497299362839945,1000,-0.13977400600622666,True,0.6239750990007451
20,5,inflationary,42,xy_normal,2.0,0.0,-0.004182372997918659,0.9685185113321462,53,2.290022217846147,True,85.56151082500037
20,5,inflationary,42,xy_regularized,2.0,0.05,-0.004182372997918659,0.9685185113321462,50,2.290022217846147,True,82.09878474000107
20,5,inflationary,42,xy_regularized,2.0,0.1,-0.004182372997918659,0.9685185113321462,45,2.290022217846147,True,72.8697272419995
20,5,inflationary,43,gurobi,,,-0.08885540379663541,0.0,1,-0.2252911611118486,True,0.03436145600062446
20,5,inflationary,43,sa,0.0,0.0,-0.08885540379663541,0.0,1000,-0.2252911611118486,True,0.6140789900000527
20,5,inflationary,43,xy_normal,2.0,0.0,-0.012517626070574921,0.8591236375536125,50,1.278935682160456,True,82.4964086609998
20,5,inflationary,43,xy_regularized,2.0,0.05,-0.012517626070574921,0.8591236375536125,47,1.278935682160456,True,77.48269344099936
20,5,inflationary,43,xy_regularized,2.0,0.1,-0.012517626070574921,0.8591236375536125,47,1.278935682160456,True,75.06796364799993
20,5,inflationary,44,gurobi,,,-0.1024936949208235,0.0,1,-0.32663641341173844,True,0.03966564000074868
20,5,inflationary,44,sa,0.0,0.0,-0.09769224496611997,0.04684629584690697,1000,0.291821587433036,True,0.6520169319992419
20,5,inflationary,44,xy_normal,2.0,0.0,-0.044390197129359044,0.5668982646820322,56,1.791702734783267,True,91.31002282400004
20,5,inflationary,44,xy_regularized,2.0,0.05,-0.021259914445836355,0.7925734411052342,44,1.0177304182494127,True,73.16585974400004
20,5,inflationary,44,xy_regularized,2.0,0.1,-0.01793592146917835,0.825004635816536,49,1.6094411370737927,True,78.86421934199825
