N,K,Solver,p,seed,restart_id,is_best_restart,experiment_phase,Feasibility Ratio (%),Optimization GAP (%),gap_best_of_restarts,Sharpe Ratio In-Sample,Sharpe Ratio Out-of-Sample,Execution Time (s),objective
6,3,Gurobi,,42,,True,N_scaling,100.0,0.0,0.0,2.2250196061044103,0.5016254806739875,0.00444630000856705,-0.16969936584326606
6,3,Simulated Annealing,,42,,True,N_scaling,100.0,0.0,0.0,2.2250196061044103,0.5016254806739875,0.013887399996747263,-0.16969936584326606
6,3,Standard QAOA,3.0,42,0.0,True,N_scaling,98.90495739289975,104.81843058986264,104.81843058986264,0.0461141778232512,-0.12100562519036057,0.29516600001079496,0.00817684615459484
6,3,XY-QAOA,3.0,42,,True,N_scaling,100.0,57.59852386563688,57.59852386563688,1.1043158574887593,0.44614759328531695,0.27103790000546724,-0.07195503610819803
6,3,XY-QAOA Regularized,3.0,42,0.0,True,N_scaling,100.0,21.197796197394037,21.197796197394037,2.207580307040662,0.3800405971386056,0.29562869999790564,-0.1337268401235404
6,3,Gurobi,,43,,True,N_scaling,100.0,0.0,0.0,1.569737245316234,0.2840676226026083,0.0038742000033380464,-0.1245977179843954
6,3,Simulated Annealing,,43,,True,N_scaling,100.0,0.0,0.0,1.569737245316234,0.2840676226026083,0.012055300001520663,-0.1245977179843954
6,3,Standard QAOA,3.0,43,0.0,True,N_scaling,93.90903246605322,0.0,0.0,1.569737245316234,0.2840676226026083,0.29313430000911467,-0.1245977179843954
6,3,XY-QAOA,3.0,43,,True,N_scaling,100.0,1.9141971789627878,1.9141971789627878,1.3140146442482428,1.5131803639841177,0.28305519999412354,-0.12221267198168609
6,3,XY-QAOA Regularized,3.0,43,0.0,True,N_scaling,100.00000000000004,1.9141971789627878,1.9141971789627878,1.3140146442482428,1.5131803639841177,0.2848316000017803,-0.12221267198168609
6,3,Gurobi,,44,,True,N_scaling,100.0,0.0,0.0,2.1113684758499756,0.8441618861128735,0.0033653999998932704,-0.1843847830914346
6,3,Simulated Annealing,,44,,True,N_scaling,100.0,0.0,0.0,2.1113684758499756,0.8441618861128735,0.013277000005473383,-0.1843847830914346
6,3,Standard QAOA,3.0,44,0.0,True,N_scaling,92.04502209425675,0.0,0.0,2.1113684758499756,0.8441618861128735,0.2821929000056116,-0.1843847830914346
6,3,XY-QAOA,3.0,44,,True,N_scaling,100.0,15.421685139251565,15.421685139251565,1.8828233991258603,0.7451408755531393,0.28256320000218693,-0.1559495423983816
6,3,XY-QAOA Regularized,3.0,44,0.0,True,N_scaling,99.99999999999996,6.998737176841913,6.998737176841913,2.144918406260443,0.8399714697032931,0.28565900000103284,-0.17148017672877505
6,3,Gurobi,,45,,True,N_scaling,100.0,0.0,0.0,2.311678895017132,1.2335307400615103,0.0038324000051943585,-0.22545725853736348
6,3,Simulated Annealing,,45,,True,N_scaling,100.0,0.0,0.0,2.311678895017132,1.2335307400615103,0.012033899998641573,-0.22545725853736348
6,3,Standard QAOA,3.0,45,0.0,True,N_scaling,95.5656272841201,0.0,0.0,2.311678895017132,1.2335307400615103,0.29018480000377167,-0.22545725853736348
6,3,XY-QAOA,3.0,45,,True,N_scaling,100.0,27.74555598708883,27.74555598708883,1.6004870851618633,0.8038141772732651,0.2810682999988785,-0.16290288864292368
6,3,XY-QAOA Regularized,3.0,45,0.0,True,N_scaling,99.99999999999993,2.005243755968436,2.005243755968436,2.1659521620594373,1.1793107650660912,0.2821999000007054,-0.22093629093816539
6,3,Gurobi,,46,,True,N_scaling,100.0,0.0,0.0,2.4822327927971317,0.2709791426255168,0.0036010000039823353,-0.17250697778094173
6,3,Simulated Annealing,,46,,True,N_scaling,100.0,0.0,0.0,2.4822327927971317,0.2709791426255168,0.014603399991756305,-0.17250697778094173
6,3,Standard QAOA,3.0,46,0.0,True,N_scaling,89.54944923143012,42.64023030343934,42.64023030343934,1.1512784392775537,2.2780845471088442,0.29453269999066833,-0.09894960516564524
6,3,XY-QAOA,3.0,46,,True,N_scaling,100.0,0.0,0.0,2.4822327927971317,0.2709791426255168,0.28262810000160243,-0.17250697778094173
6,3,XY-QAOA Regularized,3.0,46,0.0,True,N_scaling,100.00000000000003,0.0,0.0,2.4822327927971317,0.2709791426255168,0.28661929999361746,-0.17250697778094173
6,3,Gurobi,,47,,True,N_scaling,100.0,0.0,0.0,2.5038422492431045,0.04420129518313849,0.003937200002837926,-0.1409997785482687
6,3,Simulated Annealing,,47,,True,N_scaling,100.0,0.0,0.0,2.5038422492431045,0.04420129518313849,0.011805599991930649,-0.1409997785482687
6,3,Standard QAOA,3.0,47,0.0,True,N_scaling,94.84472173143438,0.0,0.0,2.5038422492431045,0.04420129518313849,0.2882518000114942,-0.1409997785482687
6,3,XY-QAOA,3.0,47,,True,N_scaling,100.0,11.271839370460789,11.271839370460789,1.9032648280483149,-0.10162143618143449,0.2834612000006018,-0.12510650999760242
6,3,XY-QAOA Regularized,3.0,47,0.0,True,N_scaling,99.99999999999996,48.2210311150475,48.2210311150475,1.2133735901118485,-0.3876504410769264,0.275624500005506,-0.07300823146235998
6,3,Gurobi,,48,,True,N_scaling,100.0,0.0,0.0,2.3265622218935,0.6913681864853688,0.003660900008981116,-0.14693784234922477
6,3,Simulated Annealing,,48,,True,N_scaling,100.0,0.0,0.0,2.3265622218935,0.6913681864853688,0.011863800013088621,-0.14693784234922477
6,3,Standard QAOA,3.0,48,0.0,True,N_scaling,94.86199083080446,0.0,0.0,2.3265622218935,0.6913681864853688,0.2833437000081176,-0.14693784234922477
6,3,XY-QAOA,3.0,48,,True,N_scaling,100.0,0.0,0.0,2.3265622218935,0.6913681864853688,0.27761150000151247,-0.14693784234922477
6,3,XY-QAOA Regularized,3.0,48,0.0,True,N_scaling,99.99999999999993,0.0,0.0,2.3265622218935,0.6913681864853688,0.2844252999930177,-0.14693784234922477
6,3,Gurobi,,49,,True,N_scaling,100.0,0.0,0.0,3.050240173108505,0.7662045524457204,0.004143400001339614,-0.20505109416655715
6,3,Simulated Annealing,,49,,True,N_scaling,100.0,0.0,0.0,3.050240173108505,0.7662045524457204,0.013052299997070804,-0.20505109416655715
6,3,Standard QAOA,3.0,49,0.0,True,N_scaling,89.63897483362003,66.23940641285874,66.23940641285874,1.2218233423485165,-0.027556551816715586,0.2838244000013219,-0.06922646654755767
6,3,XY-QAOA,3.0,49,,True,N_scaling,100.0,12.880063489319705,12.880063489319705,2.5448567464608036,0.5915881582187121,0.2778871999908006,-0.17864038305235985
6,3,XY-QAOA Regularized,3.0,49,0.0,True,N_scaling,99.99999999999999,0.0,0.0,3.050240173108505,0.7662045524457204,0.2870819000090705,-0.20505109416655715
8,4,Gurobi,,42,,True,N_scaling,100.0,0.0,0.0,2.3274106834120216,0.5107783518696317,0.003898700000718236,-0.16620031287492046
8,4,Simulated Annealing,,42,,True,N_scaling,100.0,0.0,0.0,2.3274106834120216,0.5107783518696317,0.017881299994769506,-0.16620031287492046
8,4,Standard QAOA,3.0,42,0.0,True,N_scaling,77.56336517874428,103.24743841430725,103.24743841430725,0.13360975582299686,-0.7433847846769145,0.3160366999945836,0.005397252804998991
8,4,XY-QAOA,3.0,42,,True,N_scaling,100.0,27.355269231938728,27.355269231938728,1.7643813372340187,-0.26300828712206015,0.3180949000088731,-0.12073576982366144
8,4,XY-QAOA Regularized,3.0,42,0.0,True,N_scaling,99.99999999999997,36.95132173728653,36.95132173728653,1.66233587615199,0.46577920275510676,0.31480480000027455,-0.10478710053613176
8,4,Gurobi,,43,,True,N_scaling,100.0,0.0,0.0,2.132797838205313,0.3980989699242999,0.004132300004130229,-0.14817612239347772
8,4,Simulated Annealing,,43,,True,N_scaling,100.0,0.0,0.0,2.132797838205313,0.3980989699242999,0.017853600002126768,-0.14817612239347772
8,4,Standard QAOA,3.0,43,0.0,True,N_scaling,81.21883846939984,0.0,0.0,2.132797838205313,0.3980989699242999,0.321351999999024,-0.14817612239347772
8,4,XY-QAOA,3.0,43,,True,N_scaling,100.0,7.371743814235438,7.371743814235438,1.5667917957215591,1.4177785750332894,0.31089809999684803,-0.1372529582567626
8,4,XY-QAOA Regularized,3.0,43,0.0,True,N_scaling,99.9999999999999,6.908299725281408,6.908299725281408,1.7915138983890995,0.46910932342716494,0.32290139999531675,-0.13793967173723645
8,4,Gurobi,,44,,True,N_scaling,100.0,0.0,0.0,2.2898484266643004,0.8684432439456065,0.004094699994311668,-0.17114689022786753
8,4,Simulated Annealing,,44,,True,N_scaling,100.0,0.0,0.0,2.2898484266643004,0.8684432439456065,0.017776799999410287,-0.17114689022786753
8,4,Standard QAOA,3.0,44,0.0,True,N_scaling,48.98126723680213,0.0,0.0,2.2898484266643004,0.8684432439456065,0.3191882999963127,-0.17114689022786753
8,4,XY-QAOA,3.0,44,,True,N_scaling,100.0,12.447560684942486,12.447560684942486,2.112881917690268,0.7714385878186845,0.3070263999979943,-0.1498432772063618
8,4,XY-QAOA Regularized,3.0,44,0.0,True,N_scaling,99.99999999999991,1.099688920966523,1.099688920966523,2.165952772548225,0.6663288158500591,0.3151406999968458,-0.16926480683745293
8,4,Gurobi,,45,,True,N_scaling,100.0,0.0,0.0,2.3243273563914553,1.1681966324458155,0.004077699995832518,-0.21320197150807466
8,4,Simulated Annealing,,45,,True,N_scaling,100.0,0.0,0.0,2.3243273563914553,1.1681966324458155,0.017712000000756234,-0.21320197150807466
8,4,Standard QAOA,3.0,45,0.0,True,N_scaling,95.82364405332507,0.0,0.0,2.3243273563914553,1.1681966324458155,0.3166653999942355,-0.21320197150807466
8,4,XY-QAOA,3.0,45,,True,N_scaling,100.0,16.15738420947781,16.15738420947781,2.0899115257993777,0.9283236541089306,0.31459029999678023,-0.17875410982933362
8,4,XY-QAOA Regularized,3.0,45,0.0,True,N_scaling,99.99999999999997,16.15738420947781,16.15738420947781,2.0899115257993777,0.9283236541089306,0.3212621999991825,-0.17875410982933362
8,4,Gurobi,,46,,True,N_scaling,100.0,0.0,0.0,2.411032783861025,0.47142660326244507,0.0038933000032557175,-0.17278419732094824
8,4,Simulated Annealing,,46,,True,N_scaling,100.0,0.0,0.0,2.411032783861025,0.47142660326244507,0.018609999999171123,-0.17278419732094824
8,4,Standard QAOA,3.0,46,0.0,True,N_scaling,91.70453221390073,52.22331488812688,52.22331488812688,1.1068796769022102,1.9400610580552224,0.3181018000032054,-0.08255056187710695
8,4,XY-QAOA,3.0,46,,True,N_scaling,100.0,17.81518178164215,17.81518178164215,1.7994151478076081,1.762541387709989,0.3114939999941271,-0.14200237847827005
8,4,XY-QAOA Regularized,3.0,46,0.0,True,N_scaling,99.99999999999997,0.0,0.0,2.411032783861025,0.47142660326244507,0.3252314999990631,-0.17278419732094824
8,4,Gurobi,,47,,True,N_scaling,100.0,0.0,0.0,2.351951949713781,0.5911471953039968,0.004074600001331419,-0.1727303676515245
8,4,Simulated Annealing,,47,,True,N_scaling,100.0,0.0,0.0,2.351951949713781,0.5911471953039968,0.016877200003364123,-0.1727303676515245
8,4,Standard QAOA,3.0,47,0.0,True,N_scaling,94.50738039404602,0.0,0.0,2.351951949713781,0.5911471953039968,0.3224052000005031,-0.1727303676515245
8,4,XY-QAOA,3.0,47,,True,N_scaling,100.0,22.168619665624558,22.168619665624558,1.8303775421067507,0.5066847500749309,0.3131052000098862,-0.13443842939982303
8,4,XY-QAOA Regularized,3.0,47,0.0,True,N_scaling,99.99999999999994,22.168619665624558,22.168619665624558,1.8303775421067507,0.5066847500749309,0.32079180001164787,-0.13443842939982303
8,4,Gurobi,,48,,True,N_scaling,100.0,0.0,0.0,2.6294139378726866,0.5807138122473282,0.003968600009102374,-0.16257825241349724
8,4,Simulated Annealing,,48,,True,N_scaling,100.0,0.0,0.0,2.6294139378726866,0.5807138122473282,0.017593299999134615,-0.16257825241349724
8,4,Standard QAOA,3.0,48,0.0,True,N_scaling,74.36390264260145,0.0,0.0,2.6294139378726866,0.5807138122473282,0.3255585000006249,-0.16257825241349724
8,4,XY-QAOA,3.0,48,,True,N_scaling,100.0,33.5954637754795,33.5954637754795,1.7794876124954395,0.48486795645467107,0.3129882000066573,-0.10795933451711315
8,4,XY-QAOA Regularized,3.0,48,0.0,True,N_scaling,99.99999999999993,8.291297131503525,8.291297131503525,2.446684388214071,0.6688873378764165,0.31594980000227224,-0.14909840643468839
8,4,Gurobi,,49,,True,N_scaling,100.0,0.0,0.0,2.6756217372733313,0.7918779786483614,0.004060799998114817,-0.18028762598178835
8,4,Simulated Annealing,,49,,True,N_scaling,100.0,0.0,0.0,2.6756217372733313,0.7918779786483614,0.01859949999197852,-0.18028762598178835
8,4,Standard QAOA,3.0,49,0.0,True,N_scaling,95.92790922484761,0.0,0.0,2.6756217372733313,0.7918779786483614,0.3136464999988675,-0.18028762598178835
8,4,XY-QAOA,3.0,49,,True,N_scaling,100.0,26.905119940971705,26.905119940971705,1.824258571507217,0.583286105493342,0.3112498999980744,-0.13178102397265773
8,4,XY-QAOA Regularized,3.0,49,0.0,True,N_scaling,100.00000000000007,0.0,0.0,2.6756217372733313,0.7918779786483614,0.3217813999945065,-0.18028762598178835
10,5,Gurobi,,42,,True,N_scaling,100.0,0.0,0.0,1.9841512087942927,1.3652946338832694,0.004520100002991967,-0.15659243336212664
10,5,Simulated Annealing,,42,,True,N_scaling,100.0,0.0,0.0,1.9841512087942927,1.3652946338832694,0.023330199997872114,-0.15659243336212664
10,5,Standard QAOA,3.0,42,0.0,True,N_scaling,78.7703875970673,84.64708002943159,84.64708002943159,0.4577170691410467,1.1603695006398334,0.3895797000004677,-0.02404151097405297
10,5,XY-QAOA,3.0,42,,True,N_scaling,100.0,28.930149420103902,28.930149420103902,1.8977614875648396,0.4120577759786402,0.38847619999432936,-0.11129000840988677
10,5,XY-QAOA Regularized,3.0,42,0.0,True,N_scaling,100.00000000000003,36.68112965020969,36.68112965020969,1.703026921278384,0.45922575053903764,0.3926285000052303,-0.09915255985814675
10,5,Gurobi,,43,,True,N_scaling,100.0,0.0,0.0,2.2581850222248736,0.43253568428671363,0.004236900000250898,-0.14979958196409648
10,5,Simulated Annealing,,43,,True,N_scaling,100.0,0.0,0.0,2.2581850222248736,0.43253568428671363,0.02322289999574423,-0.14979958196409648
10,5,Standard QAOA,3.0,43,0.0,True,N_scaling,74.74282134756226,0.0,0.0,2.2581850222248736,0.43253568428671363,0.39045659999828786,-0.14979958196409648
10,5,XY-QAOA,3.0,43,,True,N_scaling,100.0,4.842679251205883,4.842679251205883,1.7832940528534662,1.2919995877650503,0.3882615999900736,-0.14254526868992803
10,5,XY-QAOA Regularized,3.0,43,0.0,True,N_scaling,100.00000000000011,31.6261214300283,31.6261214300283,1.3106905336446864,1.2408312902649266,0.39615600000252016,-0.10242378427045656
10,5,Gurobi,,44,,True,N_scaling,100.0,0.0,0.0,2.3935122500685435,0.7710920968456774,0.0044138999946881086,-0.16163477628152542
10,5,Simulated Annealing,,44,,True,N_scaling,100.0,0.0,0.0,2.3935122500685435,0.7710920968456774,0.022877000010339543,-0.16163477628152542
10,5,Standard QAOA,3.0,44,0.0,True,N_scaling,83.54944709221999,80.97689358269484,80.97689358269484,0.532732976157259,-0.6639061257120945,0.38180209998972714,-0.030747955499407717
10,5,XY-QAOA,3.0,44,,True,N_scaling,100.0,0.7078939148095277,0.7078939148095277,2.3010865132512186,0.6101644451794149,0.39398479998635594,-0.1604905735360125
10,5,XY-QAOA Regularized,3.0,44,0.0,True,N_scaling,100.00000000000004,6.9982636690356745,6.9982636690356745,1.9651812885661097,0.5869480028440377,0.39471200000843965,-0.15032314845648834
10,5,Gurobi,,45,,True,N_scaling,100.0,0.0,0.0,2.4110990072052987,1.0692206612983115,0.0044797000009566545,-0.20253013181204094
10,5,Simulated Annealing,,45,,True,N_scaling,100.0,0.0,0.0,2.4110990072052987,1.0692206612983115,0.022625199999311008,-0.20253013181204094
10,5,Standard QAOA,3.0,45,0.0,True,N_scaling,86.3796561292602,78.58537045880713,78.58537045880713,0.7211464498046141,0.11462701184189553,0.400119400001131,-0.043371077436838164
10,5,XY-QAOA,3.0,45,,True,N_scaling,100.0,14.651745600082899,14.651745600082899,2.1675695421938035,0.8742549089484682,0.3958245999965584,-0.17285593213542813
10,5,XY-QAOA Regularized,3.0,45,0.0,True,N_scaling,99.99999999999996,22.433137673583307,22.433137673583307,2.2144418136067525,0.7678789171324608,0.3992337999952724,-0.15709626851215605
10,5,Gurobi,,46,,True,N_scaling,100.0,0.0,0.0,2.54119804515872,0.5405153312849689,0.004445700003998354,-0.1638608897773614
10,5,Simulated Annealing,,46,,True,N_scaling,100.0,0.0,0.0,2.54119804515872,0.5405153312849689,0.024230499999248423,-0.1638608897773614
10,5,Standard QAOA,3.0,46,0.0,True,N_scaling,37.316299229012515,0.0,0.0,1.7200668195629323,1.2627841648691445,0.3898574000049848,-0.2207209601970472
10,5,XY-QAOA,3.0,46,,True,N_scaling,100.0,16.852955692449928,16.852955692449928,1.7564453798289752,1.5801959937625687,0.3883272999955807,-0.13624548662592847
10,5,XY-QAOA Regularized,3.0,46,0.0,True,N_scaling,99.99999999999997,2.2314302206761734,2.2314302206761734,2.177201140126643,0.5499102833101086,0.39325160000589676,-0.1602044483630005
10,5,Gurobi,,47,,True,N_scaling,100.0,0.0,0.0,2.3553680016404637,0.631223654443696,0.00435809999180492,-0.1757136441037405
10,5,Simulated Annealing,,47,,True,N_scaling,100.0,0.0,0.0,2.3553680016404637,0.631223654443696,0.022206200010259636,-0.1757136441037405
10,5,Standard QAOA,3.0,47,0.0,True,N_scaling,91.69151216011687,0.0,0.0,2.3553680016404637,0.631223654443696,0.3836697000078857,-0.1757136441037405
10,5,XY-QAOA,3.0,47,,True,N_scaling,100.0,33.71904381661748,33.71904381661748,1.3983250843408248,1.0336860275125184,0.38362040001084097,-0.11646468345662495
10,5,XY-QAOA Regularized,3.0,47,0.0,True,N_scaling,99.99999999999989,17.28532147960041,17.28532147960041,1.9628658201537217,0.5731312635025919,0.402566000004299,-0.14534097583688801
10,5,Gurobi,,48,,True,N_scaling,100.0,0.0,0.0,2.6159039398022275,0.5437617831031668,0.004603299996233545,-0.16269557723044759
10,5,Simulated Annealing,,48,,True,N_scaling,100.0,0.0,0.0,2.6159039398022275,0.5437617831031668,0.023154800001066178,-0.16269557723044759
10,5,Standard QAOA,3.0,48,0.0,True,N_scaling,78.37926445492084,100.0,100.0,0.0,0.0,0.38923879999492783,0.0
10,5,XY-QAOA,3.0,48,,True,N_scaling,100.0,4.133772515789372,4.133772515789372,2.5696053420287117,0.43194438721132106,0.38900579999608453,-0.15597011217449047
10,5,XY-QAOA Regularized,3.0,48,0.0,True,N_scaling,99.99999999999997,28.662331931255373,28.662331931255373,1.9710577093379567,0.49892204859483785,0.4048291000071913,-0.11606323084718476
10,5,Gurobi,,49,,True,N_scaling,100.0,0.0,0.0,3.2273978174705156,0.5689282474135813,0.004714900001999922,-0.18368571181962634
10,5,Simulated Annealing,,49,,True,N_scaling,100.0,0.0,0.0,3.2273978174705156,0.5689282474135813,0.024255900003481656,-0.18368571181962634
10,5,Standard QAOA,3.0,49,0.0,True,N_scaling,87.37048735196971,0.0,0.0,3.2273978174705156,0.5689282474135813,0.3937091999978293,-0.18368571181962634
10,5,XY-QAOA,3.0,49,,True,N_scaling,100.0,14.922295004680612,14.922295004680612,2.10865193054736,0.2633933272535552,0.39008969999849796,-0.15627558802045421
10,5,XY-QAOA Regularized,3.0,49,0.0,True,N_scaling,100.0,20.62201789612835,20.62201789612835,2.3583815425896093,0.3512328624676878,0.3931855999981053,-0.14580601145555225
12,6,Gurobi,,42,,True,N_scaling,100.0,0.0,0.0,2.5285192156081937,0.694835864865295,0.012998000005609356,-0.16590366757480027
12,6,Simulated Annealing,,42,,True,N_scaling,100.0,0.0,0.0,2.5285192156081937,0.694835864865295,0.02997709999908693,-0.16590366757480027
12,6,Standard QAOA,3.0,42,0.0,True,N_scaling,73.51687908576898,75.02083228831309,75.02083228831309,0.7211307686612969,1.0554381617104156,0.5354065999999875,-0.04144135536334889
12,6,XY-QAOA,3.0,42,,True,N_scaling,100.0,30.99593794390632,30.99593794390632,1.790773756834068,0.8614108893542829,0.5605288999940967,-0.11448026972665054
12,6,XY-QAOA Regularized,3.0,42,0.0,True,N_scaling,100.00000000000004,28.344344133530637,28.344344133530637,1.6398258750082446,1.3571862198709013,0.5487585999944713,-0.1188793611072502
12,6,Gurobi,,43,,True,N_scaling,100.0,0.0,0.0,2.4921760936628554,0.6894761053390506,0.0041258999990532175,-0.19942376469748915
12,6,Simulated Annealing,,43,,True,N_scaling,100.0,0.0,0.0,2.4921760936628554,0.6894761053390506,0.02681690000463277,-0.19942376469748915
12,6,Standard QAOA,3.0,43,0.0,True,N_scaling,88.76289864648118,0.0,0.0,2.4921760936628554,0.6894761053390506,0.5432182999938959,-0.19942376469748915
12,6,XY-QAOA,3.0,43,,True,N_scaling,100.0,25.036252211241216,25.036252211241216,1.6345675679724614,1.2913007352802182,0.5567249000014272,-0.14949552799867355
12,6,XY-QAOA Regularized,3.0,43,0.0,True,N_scaling,100.00000000000003,25.036252211241216,25.036252211241216,1.6345675679724614,1.2913007352802182,0.553736799993203,-0.14949552799867355
12,6,Gurobi,,44,,True,N_scaling,100.0,0.0,0.0,2.3942151180335487,0.6547760312279247,0.004329399991547689,-0.16963696268215847
12,6,Simulated Annealing,,44,,True,N_scaling,100.0,0.0,0.0,2.3942151180335487,0.6547760312279247,0.0297300000092946,-0.16963696268215847
12,6,Standard QAOA,3.0,44,0.0,True,N_scaling,64.99456224136114,100.0,100.0,0.0,0.0,0.5567514000140363,0.0
12,6,XY-QAOA,3.0,44,,True,N_scaling,100.0,20.650546546250695,20.650546546250695,2.3715863633054517,0.2652019131092402,0.6559102000028361,-0.13460600274383341
12,6,XY-QAOA Regularized,3.0,44,0.0,True,N_scaling,99.99999999999993,20.650546546250695,20.650546546250695,2.3715863633054517,0.2652019131092402,0.5735750000021653,-0.13460600274383341
12,6,Gurobi,,45,,True,N_scaling,100.0,0.0,0.0,2.4419825691624912,1.0084446617504488,0.004068299997015856,-0.19362009727208684
12,6,Simulated Annealing,,45,,True,N_scaling,100.0,0.6010832599575877,0.6010832599575877,2.4596217326990617,1.0093262111205192,0.0279830000072252,-0.19245627927947073
12,6,Standard QAOA,3.0,45,0.0,True,N_scaling,69.49393445709677,0.0,0.0,1.8885136922931716,0.6549571867398436,0.5390285000030417,-0.2259432584934604
12,6,XY-QAOA,3.0,45,,True,N_scaling,100.0,31.03188108536987,31.03188108536987,2.247041534397182,0.4493614734994616,0.6557700999983354,-0.13353613892923538
12,6,XY-QAOA Regularized,3.0,45,0.0,True,N_scaling,100.00000000000007,15.98205422650438,15.98205422650438,2.4443623886467964,0.7973202419445314,0.6350883999984944,-0.1626756283326514
12,6,Gurobi,,46,,True,N_scaling,100.0,0.0,0.0,2.715983191802343,0.5372624849134643,0.004707400003098883,-0.16404222475963504
12,6,Simulated Annealing,,46,,True,N_scaling,100.0,0.0,0.0,2.715983191802343,0.5372624849134643,0.032158400004846044,-0.16404222475963504
12,6,Standard QAOA,3.0,46,0.0,True,N_scaling,37.540296777114456,0.0,0.0,1.695201358299271,1.0904893250149281,0.5947568000119645,-0.20425378337990707
12,6,XY-QAOA,3.0,46,,True,N_scaling,100.0,20.553247157959696,20.553247157959696,2.0165451011827242,0.4745036421316611,0.7015077999967616,-0.1303262208613715
12,6,XY-QAOA Regularized,3.0,46,0.0,True,N_scaling,99.99999999999997,11.039530888971836,11.039530888971836,1.9745455173941617,0.7339016183862994,0.6385286000004271,-0.14593273268633852
12,6,Gurobi,,47,,True,N_scaling,100.0,0.0,0.0,2.705673399918675,0.49202422746967395,0.004239200003212318,-0.18357509410048603
12,6,Simulated Annealing,,47,,True,N_scaling,100.0,0.0,0.0,2.705673399918675,0.49202422746967395,0.0289755999983754,-0.18357509410048603
12,6,Standard QAOA,3.0,47,0.0,True,N_scaling,92.23680127854786,68.18793029864084,68.18793029864084,0.9352472360549561,0.15472216658627042,0.5570721999974921,-0.05839903688958229
12,6,XY-QAOA,3.0,47,,True,N_scaling,100.0,26.71856965459568,26.71856965459568,2.535907559674886,-0.10312961097793577,0.6996581999992486,-0.1345264547147581
12,6,XY-QAOA Regularized,3.0,47,0.0,True,N_scaling,100.00000000000013,39.167634706075575,39.167634706075575,1.6282092921889921,0.5376945938145604,0.643539900003816,-0.11167307183187317
12,6,Gurobi,,48,,True,N_scaling,100.0,0.0,0.0,2.299725888762939,0.9736558116606079,0.004352500007371418,-0.21249442063550625
12,6,Simulated Annealing,,48,,True,N_scaling,100.0,0.6138353956841435,0.6138353956841435,2.1791777639060204,0.8734218696784672,0.029871999999159016,-0.21119005466779156
12,6,Standard QAOA,3.0,48,0.0,True,N_scaling,92.23635451218885,0.6138353956841435,0.6138353956841435,2.1791777639060204,0.8734218696784672,0.6057207999983802,-0.21119005466779156
12,6,XY-QAOA,3.0,48,,True,N_scaling,100.0,33.1410545029328,33.1410545029328,1.969375442065931,0.6011774452876002,0.6518926999997348,-0.14207152887700183
12,6,XY-QAOA Regularized,3.0,48,0.0,True,N_scaling,100.00000000000009,11.901174532774222,11.901174532774222,2.278125300287299,0.9742879366885946,0.5796835999935865,-0.18720508876326725
12,6,Gurobi,,49,,True,N_scaling,100.0,0.0,0.0,2.804722541682923,0.6506924353909527,0.004854699989664368,-0.19363420709590834
12,6,Simulated Annealing,,49,,True,N_scaling,100.0,3.878486685940319,3.878486685940319,2.8653931541160365,0.880939619343164,0.04406149999704212,-0.18612413015426743
12,6,Standard QAOA,3.0,49,0.0,True,N_scaling,97.33999427954365,64.97482755032674,64.97482755032674,1.3076575727197413,0.2743239500268854,0.6233951000031084,-0.06782071495689934
12,6,XY-QAOA,3.0,49,,True,N_scaling,100.0,26.4311732765366,26.4311732765366,2.118491691425039,0.3478874353905987,0.7511015999916708,-0.14245441429574107
12,6,XY-QAOA Regularized,3.0,49,0.0,True,N_scaling,100.00000000000009,26.4311732765366,26.4311732765366,2.118491691425039,0.3478874353905987,0.6239856000029249,-0.14245441429574107
14,7,Gurobi,,42,,True,N_scaling,100.0,0.0,0.0,2.3319254836591403,1.374016892659323,0.005553700000746176,-0.16592715368449842
14,7,Simulated Annealing,,42,,True,N_scaling,100.0,0.32753868684045273,0.32753868684045273,2.512427882472376,0.5415389172178515,0.03921930000069551,-0.16538367806420848
14,7,Standard QAOA,3.0,42,0.0,True,N_scaling,71.80818063496865,76.98099899061971,76.98099899061971,0.6493863802485292,0.42162165810289925,1.16548789999797,-0.03819477318147068
14,7,XY-QAOA,3.0,42,,True,N_scaling,100.0,14.388875412577512,14.388875412577512,2.125045353292346,1.32548087549326,1.1965724999899976,-0.14205210226519993
14,7,XY-QAOA Regularized,3.0,42,0.0,True,N_scaling,100.00000000000009,31.620354740801197,31.620354740801197,1.6972295168173088,1.2886307701404718,1.1881753000052413,-0.11346039907814563
14,7,Gurobi,,43,,True,N_scaling,100.0,0.0,0.0,2.2535393127755237,1.2959754326281852,0.004981999998562969,-0.18801383917150982
14,7,Simulated Annealing,,43,,True,N_scaling,100.0,3.756901832600955,3.756901832600955,2.246382962982109,1.2702751128696061,0.03510860000096727,-0.18095034380213196
14,7,Standard QAOA,3.0,43,0.0,True,N_scaling,80.53038808813801,0.1499029507194564,0.1499029507194564,2.387194501386582,0.5269486755235547,1.1534037000092212,-0.1877320008788308
14,7,XY-QAOA,3.0,43,,True,N_scaling,100.0,27.439403657555893,27.439403657555893,1.5575683049302602,1.1361816175243509,1.2255516000004718,-0.1364239629091713
14,7,XY-QAOA Regularized,3.0,43,0.0,True,N_scaling,100.00000000000013,30.808472919971248,30.808472919971248,1.5611467351828772,0.35222734700469505,1.179554600006668,-0.13008964644455692
14,7,Gurobi,,44,,True,N_scaling,100.0,0.0,0.0,2.4667402392654236,0.6142244492892334,0.0045556999975815415,-0.16303213854251009
14,7,Simulated Annealing,,44,,True,N_scaling,100.0,0.8572768590469256,0.8572768590469256,2.2386141809726645,0.4841678485183731,0.037070499995024875,-0.16163450174597582
14,7,Standard QAOA,3.0,44,0.0,True,N_scaling,52.5278920966747,0.0,0.0,1.6685257093567913,0.09498387286777364,1.1697884000022896,-0.18856024116778713
14,7,XY-QAOA,3.0,44,,True,N_scaling,100.0,33.975947259215296,33.975947259215296,1.7981059038888043,0.12426684241727405,1.2162140000000363,-0.10764042513573605
14,7,XY-QAOA Regularized,3.0,44,0.0,True,N_scaling,99.99999999999994,19.596658238386972,19.596658238386972,1.9532153875793399,0.5905628996966749,1.1770338999922387,-0.13108328753360082
14,7,Gurobi,,45,,True,N_scaling,100.0,0.0,0.0,2.523230895047299,0.8352536401397629,0.004417499992996454,-0.1911175701628825
14,7,Simulated Annealing,,45,,True,N_scaling,100.0,1.353283765740737,1.353283765740737,2.48458739828688,0.8447493877745527,0.035125299997162074,-0.18853120711239005
14,7,Standard QAOA,3.0,45,0.0,True,N_scaling,29.433722807478667,84.40375217744057,84.40375217744057,0.6155392084547082,-0.049535210431152325,1.1504949999944074,-0.029807169875057053
14,7,XY-QAOA,3.0,45,,True,N_scaling,100.0,36.589098345920036,36.589098345920036,1.9389493504002409,0.5096170554390872,1.1662196000106633,-0.1211893744596527
14,7,XY-QAOA Regularized,3.0,45,0.0,True,N_scaling,100.00000000000009,30.348879092179743,30.348879092179743,1.9127927819718744,0.6109793186671857,1.2079888000007486,-0.1331155298702375
14,7,Gurobi,,46,,True,N_scaling,100.0,0.0,0.0,2.7471634427252303,0.5932491439584662,0.005646399993565865,-0.17097596653358674
14,7,Simulated Annealing,,46,,True,N_scaling,100.0,2.6900843932549034,2.6900843932549034,2.6712831795568515,0.502082750865427,0.03957490000175312,-0.16637656874165
14,7,Standard QAOA,3.0,46,0.0,True,N_scaling,68.84643465277793,100.0,100.0,0.0,0.0,1.169679200000246,0.0
14,7,XY-QAOA,3.0,46,,True,N_scaling,100.0,22.59429588693668,22.59429588693668,2.066799289673053,0.5287048725687052,1.1510471000074176,-0.1323451507594383
14,7,XY-QAOA Regularized,3.0,46,0.0,True,N_scaling,99.99999999999987,18.677873101836422,18.677873101836422,1.8564676014263075,1.5659823911915018,1.1322148000035668,-0.1390412924698051
14,7,Gurobi,,47,,True,N_scaling,100.0,0.0,0.0,2.8136773445502645,0.6494039994898749,0.0046639999927720055,-0.19927561297031607
14,7,Simulated Annealing,,47,,True,N_scaling,100.0,1.6370752952503362,1.6370752952503362,2.551619567911645,0.7008723474986068,0.034563599998364225,-0.19601332114092035
14,7,Standard QAOA,3.0,47,0.0,True,N_scaling,64.84290066316463,0.0,0.0,2.0460012556675333,0.4755124121943701,1.145932500003255,-0.24738479967045826
14,7,XY-QAOA,3.0,47,,True,N_scaling,100.0,20.323766808938405,20.323766808938405,2.487583270326444,0.24662365002030454,1.125524499992025,-0.1587753020831464
14,7,XY-QAOA Regularized,3.0,47,0.0,True,N_scaling,99.99999999999989,12.805139482837202,12.805139482837202,2.3152106612467716,0.5707115645178372,1.1602897999982815,-0.17375809277418827
14,7,Gurobi,,48,,True,N_scaling,100.0,0.0,0.0,2.3694873756684607,0.9599899717972517,0.004473799999686889,-0.21263258622780884
14,7,Simulated Annealing,,48,,True,N_scaling,100.0,1.1605593345253509,1.1605593345253509,2.2318618561919292,0.8881323880694364,0.03337790000659879,-0.21016485890009934
14,7,Standard QAOA,3.0,48,0.0,True,N_scaling,35.088050872013234,0.0,0.0,2.0046713464556336,0.7027078291316677,1.1283796000061557,-0.26806877734446266
14,7,XY-QAOA,3.0,48,,True,N_scaling,100.0,10.338031024721353,10.338031024721353,2.344010765305847,0.9588978724282766,1.114404599997215,-0.19065056349491058
14,7,XY-QAOA Regularized,3.0,48,0.0,True,N_scaling,100.00000000000004,10.338031024721353,10.338031024721353,2.344010765305847,0.9588978724282766,1.1347097999969264,-0.19065056349491058
14,7,Gurobi,,49,,True,N_scaling,100.0,0.0,0.0,3.0901143268219906,0.509276411196791,0.005425499999546446,-0.19761365269646575
14,7,Simulated Annealing,,49,,True,N_scaling,100.0,0.0,0.0,3.0901143268219906,0.509276411196791,0.03802059999725316,-0.19761365269646575
14,7,Standard QAOA,3.0,49,0.0,True,N_scaling,81.65192602640754,66.76872512950916,66.76872512950916,1.2639778169964013,0.13489811832543408,1.148892999990494,-0.06566953610917967
14,7,XY-QAOA,3.0,49,,True,N_scaling,100.0,13.679366039382653,13.679366039382653,2.860306286153864,0.43016769668704063,1.1386125999997603,-0.17058135780032183
14,7,XY-QAOA Regularized,3.0,49,0.0,True,N_scaling,99.99999999999993,13.190510053815323,13.190510053815323,2.638994575462622,0.35821685814902865,1.1332014999934472,-0.17154740396982673
16,8,Gurobi,,42,,True,N_scaling,100.0,0.0,0.0,2.3055762793676755,1.3022131155604348,0.0061348000017460436,-0.1640934218644965
16,8,Simulated Annealing,,42,,True,N_scaling,100.0,6.10613632157438,6.10613632157438,2.3909818162949,0.6124136821846811,0.04447779999463819,-0.1540736538307142
16,8,Standard QAOA,3.0,42,0.0,True,N_scaling,71.24556476167763,75.75973215711905,75.75973215711905,0.6962512731949774,-0.4868833892377201,3.2027053000056185,-0.03977668497250253
16,8,XY-QAOA,3.0,42,,True,N_scaling,100.0,21.644286199817884,21.644286199817884,2.38917638438757,0.5571970311059845,3.8370185999956448,-0.12857657200107034
16,8,XY-QAOA Regularized,3.0,42,0.0,True,N_scaling,99.99999999999997,36.09422680173476,36.09422680173476,2.0388653839176927,0.4755225996809184,3.909622400009539,-0.1048651700099977
16,8,Gurobi,,43,,True,N_scaling,100.0,0.0,0.0,2.3737470774825775,0.7957394846345235,0.0049738000088837,-0.2047360769414063
16,8,Simulated Annealing,,43,,True,N_scaling,100.0,4.223586854274905,4.223586854274905,2.2929762609188984,0.7527346919597919,0.04014620000089053,-0.1960888709097509
16,8,Standard QAOA,3.0,43,0.0,True,N_scaling,78.536165340665,5.848110533338723,5.848110533338723,2.240041182840637,0.6922926303158317,3.134794300000067,-0.19276288486025145
16,8,XY-QAOA,3.0,43,,True,N_scaling,100.0,27.888748960635258,27.888748960635258,1.5901682454324189,1.1984148197198408,3.908600099995965,-0.14763774641136446
16,8,XY-QAOA Regularized,3.0,43,0.0,True,N_scaling,99.99999999999987,15.478260215967518,15.478260215967518,1.8507415619294505,1.2267056750696144,3.969980099995155,-0.17304649419645196
16,8,Gurobi,,44,,True,N_scaling,100.0,0.0,0.0,2.4025519839926783,0.7057059151031002,0.006094900003517978,-0.16640283814374898
16,8,Simulated Annealing,,44,,True,N_scaling,100.0,2.688745568453171,2.688745568453171,2.2510991683933823,0.7222016635499293,0.043662800002493896,-0.16192868920737863
16,8,Standard QAOA,3.0,44,0.0,True,N_scaling,76.2862570505326,0.0,0.0,1.7813566015344275,0.199442019827245,3.3965322000003653,-0.20248740204048526
16,8,XY-QAOA,3.0,44,,True,N_scaling,100.0,25.72822324511578,25.72822324511578,2.059887472742224,0.46835488838208494,3.735190599996713,-0.12359034445991657
16,8,XY-QAOA Regularized,3.0,44,0.0,True,N_scaling,99.99999999999983,25.72822324511578,25.72822324511578,2.059887472742224,0.46835488838208494,3.8640071999980137,-0.12359034445991657
16,8,Gurobi,,45,,True,N_scaling,100.0,0.0,0.0,2.537878764013297,0.8060648515442319,0.004871400000411086,-0.18469933817091466
16,8,Simulated Annealing,,45,,True,N_scaling,100.0,3.8869333091411153,3.8869333091411153,2.327709109808483,0.7804174405500691,0.04046790000575129,-0.1775201980737862
16,8,Standard QAOA,3.0,45,0.0,True,N_scaling,95.95840969818975,0.0,0.0,2.537878764013297,0.8060648515442319,3.1127351999894017,-0.18469933817091466
16,8,XY-QAOA,3.0,45,,True,N_scaling,100.0,45.908669371857755,45.908669371857755,1.417096594062834,0.3230632200438795,3.8409242000052473,-0.09990632967801999
16,8,XY-QAOA Regularized,3.0,45,0.0,True,N_scaling,99.99999999999983,4.629652430973764,4.629652430973764,2.2906961319003827,0.936204911973564,3.987146000014036,-0.17614840077129246
16,8,Gurobi,,46,,True,N_scaling,100.0,0.0,0.0,2.721166701115129,0.5719626070008753,0.005916399997659028,-0.17584135136427334
16,8,Simulated Annealing,,46,,True,N_scaling,100.0,5.318807791376819,5.318807791376819,2.3085418687336494,1.104167203620096,0.043800700004794635,-0.16648868786744808
16,8,Standard QAOA,3.0,46,0.0,True,N_scaling,42.94094491637528,0.0,0.0,1.8131742795336865,0.8524094892122314,3.1811051000113366,-0.21363965650927022
16,8,XY-QAOA,3.0,46,,True,N_scaling,100.0,32.22894016727986,32.22894016727986,1.78540476012725,1.082557801599197,3.835763600000064,-0.11916954744374533
16,8,XY-QAOA Regularized,3.0,46,0.0,True,N_scaling,99.99999999999984,14.166129668295813,14.166129668295813,2.2678346568025773,0.534539440286112,3.8865632000088226,-0.15093143751952673
16,8,Gurobi,,47,,True,N_scaling,100.0,0.0,0.0,2.8038884913078994,0.6185784161421273,0.004855099992710166,-0.20072349354366395
16,8,Simulated Annealing,,47,,True,N_scaling,100.0,3.24923433849318,3.24923433849318,2.47957268609667,0.7630116105388162,0.040404799990938045,-0.19420151686602008
16,8,Standard QAOA,3.0,47,0.0,True,N_scaling,32.344866872549524,0.0,0.0,1.9935801897947523,0.4585437798429117,3.13146799999231,-0.23695796331434063
16,8,XY-QAOA,3.0,47,,True,N_scaling,100.0,9.341987047655753,9.341987047655753,2.566353965813416,0.5772507494668809,3.7217997000116156,-0.18197193077521273
16,8,XY-QAOA Regularized,3.0,47,0.0,True,N_scaling,99.99999999999977,26.737718789019134,26.737718789019134,2.048256697460506,0.6650444750218503,3.8463535999908345,-0.1470546102964641
16,8,Gurobi,,48,,True,N_scaling,100.0,0.0,0.0,2.5027019766990186,0.9308565900396459,0.004727599996840581,-0.20766361624541896
16,8,Simulated Annealing,,48,,True,N_scaling,100.0,4.063851655368,4.063851655368,2.314862237307281,0.8793922912584726,0.0392946999927517,-0.19922447493903245
16,8,Standard QAOA,3.0,48,0.0,True,N_scaling,87.1731668228375,100.0,100.0,0.0,0.0,3.13381759999902,0.0
16,8,XY-QAOA,3.0,48,,True,N_scaling,100.0,18.844493977313142,18.844493977313142,2.195463154374709,0.6574568758090111,3.6641758999903686,-0.1685304585889803
16,8,XY-QAOA Regularized,3.0,48,0.0,True,N_scaling,99.99999999999996,21.58374023686265,21.58374023686265,2.1330158938632575,0.8894784330002059,3.836684800000512,-0.16284204074853242
16,8,Gurobi,,49,,True,N_scaling,100.0,0.0,0.0,3.244054058835059,0.5178321126342592,0.005110299985972233,-0.1938455972870446
16,8,Simulated Annealing,,49,,True,N_scaling,100.0,9.639170082229082,9.639170082229082,2.68346093836158,0.3629946244668858,0.04425579999224283,-0.17516049046763352
16,8,Standard QAOA,3.0,49,0.0,True,N_scaling,78.77360356946058,74.34152629546402,74.34152629546402,0.9965051419123692,-0.10763900310198679,3.0840193999902112,-0.04973782160729703
16,8,XY-QAOA,3.0,49,,True,N_scaling,100.0,21.526178498054016,21.526178498054016,2.5835215710666817,0.35379663667676503,3.7064039000106277,-0.15211804800441642
16,8,XY-QAOA Regularized,3.0,49,0.0,True,N_scaling,99.99999999999997,17.196386746704043,17.196386746704043,2.298644273066794,0.5099147215725928,3.8284554999991087,-0.16051115868610596
14,7,Gurobi,,42,,True,p_scaling,100.0,0.0,0.0,2.3319254836591403,1.374016892659323,0.004542399998172186,-0.16592715368449842
14,7,Standard QAOA,1.0,42,0.0,True,p_scaling,56.12886129601644,77.52760859696049,77.52760859696049,0.6614738308700234,-0.539688248826226,0.4294350999989547,-0.03728779941990336
14,7,XY-QAOA Regularized,1.0,42,0.0,True,p_scaling,99.99999999999997,28.51186632655115,28.51186632655115,1.641926843403914,1.097956108517922,0.4369229000003543,-0.11861822542652314
14,7,Gurobi,,43,,True,p_scaling,100.0,0.0,0.0,2.2535393127755237,1.2959754326281852,0.004914099990855902,-0.18801383917150982
14,7,Standard QAOA,1.0,43,0.0,True,p_scaling,28.02205533124498,102.20051615840677,102.20051615840677,-0.05678527317692692,-0.5806359653857361,0.4469489000039175,0.004137274911010025
14,7,XY-QAOA Regularized,1.0,43,0.0,True,p_scaling,99.99999999999991,8.5027015982475,8.5027015982475,2.058241977191324,1.2280187538281016,0.4376122999965446,-0.17202758346334737
14,7,Gurobi,,44,,True,p_scaling,100.0,0.0,0.0,2.4667402392654236,0.6142244492892334,0.004215200009639375,-0.16303213854251009
14,7,Standard QAOA,1.0,44,0.0,True,p_scaling,56.11729643829679,75.91035453693958,75.91035453693958,0.651329627947458,-0.43262588890630677,0.17581610000343062,-0.039273864165736166
14,7,XY-QAOA Regularized,1.0,44,0.0,True,p_scaling,100.00000000000004,21.93596441853184,21.93596441853184,1.9203191414335479,0.45585223628264454,0.4295401999988826,-0.12726946664105354
14,7,Gurobi,,45,,True,p_scaling,100.0,0.0,0.0,2.523230895047299,0.8352536401397629,0.0044360000028973445,-0.1911175701628825
14,7,Standard QAOA,1.0,45,0.0,True,p_scaling,56.109924866497906,74.3801439045846,74.3801439045846,0.8746466617227595,0.054466256188644147,0.15402499999618158,-0.04896404644878505
14,7,XY-QAOA Regularized,1.0,45,0.0,True,p_scaling,100.00000000000004,7.422492555879287,7.422492555879287,2.707642471303183,0.6479344652988656,0.439127899997402,-0.17693188274456517
14,7,Gurobi,,46,,True,p_scaling,100.0,0.0,0.0,2.7471634427252303,0.5932491439584662,0.004690300003858283,-0.17097596653358674
14,7,Standard QAOA,1.0,46,0.0,True,p_scaling,56.03214933835281,0.0,0.0,2.7471634427252303,0.5932491439584662,0.2016977000021143,-0.17097596653358674
14,7,XY-QAOA Regularized,1.0,46,0.0,True,p_scaling,99.99999999999993,18.677873101836422,18.677873101836422,1.8564676014263075,1.5659823911915018,0.4835999999922933,-0.1390412924698051
14,7,Gurobi,,47,,True,p_scaling,100.0,0.0,0.0,2.8136773445502645,0.6494039994898749,0.005027699997299351,-0.19927561297031607
14,7,Standard QAOA,1.0,47,0.0,True,p_scaling,56.07143614859922,67.3271644402137,67.3271644402137,1.0241306514270625,0.24887234136896677,0.11789779999526218,-0.06510899333654753
14,7,XY-QAOA Regularized,1.0,47,0.0,True,p_scaling,99.99999999999999,15.054891029946443,15.054891029946443,2.186504338907873,0.6829908226741658,0.4458818999992218,-0.16927488658837717
14,7,Gurobi,,48,,True,p_scaling,100.0,0.0,0.0,2.3694873756684607,0.9599899717972517,0.004571099998429418,-0.21263258622780884
14,7,Standard QAOA,1.0,48,0.0,True,p_scaling,56.096357126106945,63.97995315378703,63.97995315378703,1.2143562046713214,0.3489905652225035,0.1652604999981122,-0.07659035716957094
14,7,XY-QAOA Regularized,1.0,48,0.0,True,p_scaling,99.99999999999991,10.542744848522634,10.542744848522634,2.2828090067750173,0.930053962051548,0.4330521000083536,-0.19021527519699608
14,7,Gurobi,,49,,True,p_scaling,100.0,0.0,0.0,3.0901143268219906,0.509276411196791,0.004393900002469309,-0.19761365269646575
14,7,Standard QAOA,1.0,49,0.0,True,p_scaling,56.12232982700169,0.0,0.0,3.0901143268219906,0.509276411196791,0.2944833000074141,-0.19761365269646575
14,7,XY-QAOA Regularized,1.0,49,0.0,True,p_scaling,99.99999999999996,16.860672670344908,16.860672670344908,2.358762405206888,0.5411284521996932,0.43492719999630935,-0.16429466156340244
14,7,Gurobi,,42,,True,p_scaling,100.0,0.0,0.0,2.3319254836591403,1.374016892659323,0.004482100004679523,-0.16592715368449842
14,7,Standard QAOA,2.0,42,0.0,True,p_scaling,77.81722318066426,100.0,100.0,0.0,0.0,0.6943986999976914,0.0
14,7,XY-QAOA Regularized,2.0,42,0.0,True,p_scaling,99.99999999999997,14.388875412577512,14.388875412577512,2.125045353292346,1.32548087549326,0.6776819000078831,-0.14205210226519993
14,7,Gurobi,,43,,True,p_scaling,100.0,0.0,0.0,2.2535393127755237,1.2959754326281852,0.004601599997840822,-0.18801383917150982
14,7,Standard QAOA,2.0,43,0.0,True,p_scaling,94.8119252019504,0.0,0.0,2.2535393127755237,1.2959754326281852,0.6977400000032503,-0.18801383917150982
14,7,XY-QAOA Regularized,2.0,43,0.0,True,p_scaling,99.9999999999999,8.5027015982475,8.5027015982475,2.058241977191324,1.2280187538281016,0.704888199994457,-0.17202758346334737
14,7,Gurobi,,44,,True,p_scaling,100.0,0.0,0.0,2.4667402392654236,0.6142244492892334,0.0044239999988349155,-0.16303213854251009
14,7,Standard QAOA,2.0,44,0.0,True,p_scaling,53.85952446639344,0.0,0.0,2.4667402392654236,0.6142244492892334,0.6925320000009378,-0.16303213854251009
14,7,XY-QAOA Regularized,2.0,44,0.0,True,p_scaling,99.99999999999997,18.01120963968873,18.01120963968873,2.10075220298282,0.4768911123054525,0.6884980000031646,-0.13366807828955082
14,7,Gurobi,,45,,True,p_scaling,100.0,0.0,0.0,2.523230895047299,0.8352536401397629,0.004438399992068298,-0.1911175701628825
14,7,Standard QAOA,2.0,45,0.0,True,p_scaling,66.98775210869059,0.0,0.0,2.523230895047299,0.8352536401397629,0.6831903999991482,-0.1911175701628825
14,7,XY-QAOA Regularized,2.0,45,0.0,True,p_scaling,100.00000000000009,11.874275747128527,11.874275747128527,2.3142754984255247,0.6804347198621314,0.6878313000052003,-0.16842374288053
14,7,Gurobi,,46,,True,p_scaling,100.0,0.0,0.0,2.7471634427252303,0.5932491439584662,0.004505100005189888,-0.17097596653358674
14,7,Standard QAOA,2.0,46,0.0,True,p_scaling,19.136244224937546,101.59436199680636,101.59436199680636,-0.03507168540683444,-0.4405403397896738,0.6980204999999842,0.0027259758340838647
14,7,XY-QAOA Regularized,2.0,46,0.0,True,p_scaling,99.99999999999994,18.677873101836422,18.677873101836422,1.8564676014263075,1.5659823911915018,0.6904872000013711,-0.1390412924698051
14,7,Gurobi,,47,,True,p_scaling,100.0,0.0,0.0,2.8136773445502645,0.6494039994898749,0.004349900002125651,-0.19927561297031607
14,7,Standard QAOA,2.0,47,0.0,True,p_scaling,60.35565868597854,67.3271644402137,67.3271644402137,1.0241306514270625,0.24887234136896677,0.6792437999974936,-0.06510899333654753
14,7,XY-QAOA Regularized,2.0,47,0.0,True,p_scaling,100.00000000000011,24.43723859454774,24.43723859454774,2.2054236792272133,0.47780010102171905,0.6914362000097753,-0.1505781559680124
14,7,Gurobi,,48,,True,p_scaling,100.0,0.0,0.0,2.3694873756684607,0.9599899717972517,0.004419899996719323,-0.21263258622780884
14,7,Standard QAOA,2.0,48,0.0,True,p_scaling,64.58358189294961,64.03134953439067,64.03134953439067,1.261655837763496,0.4024809261830387,0.7045717000000877,-0.07648107171626592
14,7,XY-QAOA Regularized,2.0,48,0.0,True,p_scaling,100.00000000000011,27.49787239266807,27.49787239266807,1.9755537944569388,0.7476602375131822,0.6917718000040622,-0.15416314900165606
14,7,Gurobi,,49,,True,p_scaling,100.0,0.0,0.0,3.0901143268219906,0.509276411196791,0.004344400003901683,-0.19761365269646575
14,7,Standard QAOA,2.0,49,0.0,True,p_scaling,68.49274895959114,66.76872512950916,66.76872512950916,1.2639778169964013,0.13489811832543408,0.7008008999982849,-0.06566953610917967
14,7,XY-QAOA Regularized,2.0,49,0.0,True,p_scaling,99.99999999999993,4.2654073315137975,4.2654073315137975,2.8910358109272765,0.5702536753079157,0.6857408000068972,-0.18918462546627848
14,7,Gurobi,,42,,True,p_scaling,100.0,0.0,0.0,2.3319254836591403,1.374016892659323,0.0046642999950563535,-0.16592715368449842
14,7,Standard QAOA,3.0,42,0.0,True,p_scaling,71.80818063496865,76.98099899061971,76.98099899061971,0.6493863802485292,0.42162165810289925,1.0917669000045862,-0.03819477318147068
14,7,XY-QAOA Regularized,3.0,42,0.0,True,p_scaling,100.00000000000009,31.620354740801197,31.620354740801197,1.6972295168173088,1.2886307701404718,1.2225548999995226,-0.11346039907814563
14,7,Gurobi,,43,,True,p_scaling,100.0,0.0,0.0,2.2535393127755237,1.2959754326281852,0.0050568000006023794,-0.18801383917150982
14,7,Standard QAOA,3.0,43,0.0,True,p_scaling,80.53038808813801,0.1499029507194564,0.1499029507194564,2.387194501386582,0.5269486755235547,1.1341123000020161,-0.1877320008788308
14,7,XY-QAOA Regularized,3.0,43,0.0,True,p_scaling,100.00000000000013,30.808472919971248,30.808472919971248,1.5611467351828772,0.35222734700469505,1.19002239999827,-0.13008964644455692
14,7,Gurobi,,44,,True,p_scaling,100.0,0.0,0.0,2.4667402392654236,0.6142244492892334,0.005011699991882779,-0.16303213854251009
14,7,Standard QAOA,3.0,44,0.0,True,p_scaling,52.5278920966747,0.0,0.0,1.6685257093567913,0.09498387286777364,1.199617499994929,-0.18856024116778713
14,7,XY-QAOA Regularized,3.0,44,0.0,True,p_scaling,99.99999999999994,19.596658238386972,19.596658238386972,1.9532153875793399,0.5905628996966749,1.1083829999988666,-0.13108328753360082
14,7,Gurobi,,45,,True,p_scaling,100.0,0.0,0.0,2.523230895047299,0.8352536401397629,0.004571400000713766,-0.1911175701628825
14,7,Standard QAOA,3.0,45,0.0,True,p_scaling,29.433722807478667,84.40375217744057,84.40375217744057,0.6155392084547082,-0.049535210431152325,1.1152070999960415,-0.029807169875057053
14,7,XY-QAOA Regularized,3.0,45,0.0,True,p_scaling,100.00000000000009,30.348879092179743,30.348879092179743,1.9127927819718744,0.6109793186671857,1.1044324999966193,-0.1331155298702375
14,7,Gurobi,,46,,True,p_scaling,100.0,0.0,0.0,2.7471634427252303,0.5932491439584662,0.005230899987509474,-0.17097596653358674
14,7,Standard QAOA,3.0,46,0.0,True,p_scaling,68.84643465277793,100.0,100.0,0.0,0.0,1.1092606000020169,0.0
14,7,XY-QAOA Regularized,3.0,46,0.0,True,p_scaling,99.99999999999987,18.677873101836422,18.677873101836422,1.8564676014263075,1.5659823911915018,1.0937383999989834,-0.1390412924698051
14,7,Gurobi,,47,,True,p_scaling,100.0,0.0,0.0,2.8136773445502645,0.6494039994898749,0.004467899998417124,-0.19927561297031607
14,7,Standard QAOA,3.0,47,0.0,True,p_scaling,64.84290066316463,0.0,0.0,2.0460012556675333,0.4755124121943701,1.1100813999946695,-0.24738479967045826
14,7,XY-QAOA Regularized,3.0,47,0.0,True,p_scaling,99.99999999999989,12.805139482837202,12.805139482837202,2.3152106612467716,0.5707115645178372,1.1253413999947952,-0.17375809277418827
14,7,Gurobi,,48,,True,p_scaling,100.0,0.0,0.0,2.3694873756684607,0.9599899717972517,0.0043114000000059605,-0.21263258622780884
14,7,Standard QAOA,3.0,48,0.0,True,p_scaling,35.088050872013234,0.0,0.0,2.0046713464556336,0.7027078291316677,1.1142148000071757,-0.26806877734446266
14,7,XY-QAOA Regularized,3.0,48,0.0,True,p_scaling,100.00000000000004,10.338031024721353,10.338031024721353,2.344010765305847,0.9588978724282766,1.0935599000076763,-0.19065056349491058
14,7,Gurobi,,49,,True,p_scaling,100.0,0.0,0.0,3.0901143268219906,0.509276411196791,0.004378899990115315,-0.19761365269646575
14,7,Standard QAOA,3.0,49,0.0,True,p_scaling,81.65192602640754,66.76872512950916,66.76872512950916,1.2639778169964013,0.13489811832543408,1.1051767999888398,-0.06566953610917967
14,7,XY-QAOA Regularized,3.0,49,0.0,True,p_scaling,99.99999999999993,13.190510053815323,13.190510053815323,2.638994575462622,0.35821685814902865,1.086626400006935,-0.17154740396982673
14,7,Gurobi,,42,,True,p_scaling,100.0,0.0,0.0,2.3319254836591403,1.374016892659323,0.004514000000199303,-0.16592715368449842
14,7,Standard QAOA,4.0,42,0.0,True,p_scaling,77.84214850735489,0.0,0.0,1.7915344612592516,0.5105710057414979,1.6491206000064267,-0.1935948432485101
14,7,XY-QAOA Regularized,4.0,42,0.0,True,p_scaling,100.00000000000011,11.264909515345286,11.264909515345286,2.0299534893147846,1.1329700329715768,1.645701100002043,-0.14723560996055177
14,7,Gurobi,,43,,True,p_scaling,100.0,0.0,0.0,2.2535393127755237,1.2959754326281852,0.004580799999530427,-0.18801383917150982
14,7,Standard QAOA,4.0,43,0.0,True,p_scaling,26.866561264411892,0.0,0.0,1.7332559065383562,0.6077816070215104,1.65859150000324,-0.21654808938184436
14,7,XY-QAOA Regularized,4.0,43,0.0,True,p_scaling,100.0,37.29856659853975,37.29856659853975,1.489690741220263,0.39167326446019146,1.7489092999894638,-0.11788737215365282
14,7,Gurobi,,44,,True,p_scaling,100.0,0.0,0.0,2.4667402392654236,0.6142244492892334,0.00519969999731984,-0.16303213854251009
14,7,Standard QAOA,4.0,44,0.0,True,p_scaling,65.97947561102555,0.0,0.0,2.4667402392654236,0.6142244492892334,1.685747800001991,-0.16303213854251009
14,7,XY-QAOA Regularized,4.0,44,0.0,True,p_scaling,99.99999999999976,26.47048070071238,26.47048070071238,1.7840541925819222,0.196303809695657,1.677694399986649,-0.11987674777365628
14,7,Gurobi,,45,,True,p_scaling,100.0,0.0,0.0,2.523230895047299,0.8352536401397629,0.005142399997566827,-0.1911175701628825
14,7,Standard QAOA,4.0,45,0.0,True,p_scaling,73.46888247305058,100.0,100.0,0.0,0.0,1.7027982999861706,0.0
14,7,XY-QAOA Regularized,4.0,45,0.0,True,p_scaling,99.99999999999996,7.422492555879287,7.422492555879287,2.707642471303183,0.6479344652988656,1.6778192999918247,-0.17693188274456517
14,7,Gurobi,,46,,True,p_scaling,100.0,0.0,0.0,2.7471634427252303,0.5932491439584662,0.004604299989296123,-0.17097596653358674
14,7,Standard QAOA,4.0,46,0.0,True,p_scaling,57.808310534585196,100.0,100.0,0.0,0.0,1.6906542000069749,0.0
14,7,XY-QAOA Regularized,4.0,46,0.0,True,p_scaling,99.99999999999989,28.38390114293266,28.38390114293266,1.8517931225854976,0.6770516567016482,1.666507100002491,-0.12244631721451985
14,7,Gurobi,,47,,True,p_scaling,100.0,0.0,0.0,2.8136773445502645,0.6494039994898749,0.004488400008995086,-0.19927561297031607
14,7,Standard QAOA,4.0,47,0.0,True,p_scaling,40.40018738964935,0.0,0.0,2.0460012556675333,0.4755124121943701,1.6872311999904923,-0.24738479967045826
14,7,XY-QAOA Regularized,4.0,47,0.0,True,p_scaling,100.00000000000004,29.611304693235933,29.611304693235933,2.5503905752757374,0.36029478881251004,1.7704211000091163,-0.1402675040343622
14,7,Gurobi,,48,,True,p_scaling,100.0,0.0,0.0,2.3694873756684607,0.9599899717972517,0.005193099990719929,-0.21263258622780884
14,7,Standard QAOA,4.0,48,0.0,True,p_scaling,34.95675990618727,0.0,0.0,2.3694873756684607,0.9599899717972517,1.698470699993777,-0.21263258622780884
14,7,XY-QAOA Regularized,4.0,48,0.0,True,p_scaling,99.99999999999993,25.025857842806964,25.025857842806964,2.2558307766109023,0.9469846707518375,1.680284499991103,-0.15941945747095346
14,7,Gurobi,,49,,True,p_scaling,100.0,0.0,0.0,3.0901143268219906,0.509276411196791,0.004594900005031377,-0.19761365269646575
14,7,Standard QAOA,4.0,49,0.0,True,p_scaling,65.97278346791941,66.76872512950916,66.76872512950916,1.2639778169964013,0.13489811832543408,1.6844527000066591,-0.06566953610917967
14,7,XY-QAOA Regularized,4.0,49,0.0,True,p_scaling,100.0,8.354494362574602,8.354494362574602,2.6298011338563643,0.6737974451863725,1.744725800002925,-0.18110403122226176
14,7,Gurobi,,42,,True,p_scaling,100.0,0.0,0.0,2.3319254836591403,1.374016892659323,0.005379800000810064,-0.16592715368449842
14,7,Standard QAOA,5.0,42,0.0,True,p_scaling,86.87385983751238,0.0,0.0,2.3319254836591403,1.374016892659323,2.345971200003987,-0.16592715368449842
14,7,XY-QAOA Regularized,5.0,42,0.0,True,p_scaling,99.99999999999993,14.388875412577512,14.388875412577512,2.125045353292346,1.32548087549326,2.362998399999924,-0.14205210226519993
14,7,Gurobi,,43,,True,p_scaling,100.0,0.0,0.0,2.2535393127755237,1.2959754326281852,0.004729599997517653,-0.18801383917150982
14,7,Standard QAOA,5.0,43,0.0,True,p_scaling,28.941909446453028,0.0,0.0,1.7332559065383562,0.6077816070215104,2.366567399993073,-0.21654808938184436
14,7,XY-QAOA Regularized,5.0,43,0.0,True,p_scaling,99.99999999999984,12.047976226643083,12.047976226643083,1.8737631098435616,1.1717403409991032,2.370381200002157,-0.16536197652532736
14,7,Gurobi,,44,,True,p_scaling,100.0,0.0,0.0,2.4667402392654236,0.6142244492892334,0.004610000003594905,-0.16303213854251009
14,7,Standard QAOA,5.0,44,0.0,True,p_scaling,72.55743620456376,100.0,100.0,0.0,0.0,2.3932296999992104,0.0
14,7,XY-QAOA Regularized,5.0,44,0.0,True,p_scaling,99.99999999999991,21.93596441853184,21.93596441853184,1.9203191414335479,0.45585223628264454,2.379081300008693,-0.12726946664105354
14,7,Gurobi,,45,,True,p_scaling,100.0,0.0,0.0,2.523230895047299,0.8352536401397629,0.0045661000040126964,-0.1911175701628825
14,7,Standard QAOA,5.0,45,0.0,True,p_scaling,12.49697961201673,100.0,100.0,0.0,0.0,2.388910299996496,0.0
14,7,XY-QAOA Regularized,5.0,45,0.0,True,p_scaling,100.00000000000017,11.874275747128527,11.874275747128527,2.3142754984255247,0.6804347198621314,2.3173561000003247,-0.16842374288053
14,7,Gurobi,,46,,True,p_scaling,100.0,0.0,0.0,2.7471634427252303,0.5932491439584662,0.005075100008980371,-0.17097596653358674
14,7,Standard QAOA,5.0,46,0.0,True,p_scaling,9.150504710811939,0.0,0.0,1.848358629630339,1.018486763339018,2.3930182000040077,-0.21837492677424686
14,7,XY-QAOA Regularized,5.0,46,0.0,True,p_scaling,100.00000000000004,39.813170561712,39.813170561712,1.50469990219102,1.385890196675403,2.347618399988278,-0.10290501335803422
14,7,Gurobi,,47,,True,p_scaling,100.0,0.0,0.0,2.8136773445502645,0.6494039994898749,0.004556499989121221,-0.19927561297031607
14,7,Standard QAOA,5.0,47,0.0,True,p_scaling,89.77976128548231,67.3271644402137,67.3271644402137,1.0241306514270625,0.24887234136896677,2.3744178999913856,-0.06510899333654753
14,7,XY-QAOA Regularized,5.0,47,0.0,True,p_scaling,100.0,12.764957614697698,12.764957614697698,2.203941559363531,0.7979762940005108,2.3655309999885503,-0.1738381654382262
14,7,Gurobi,,48,,True,p_scaling,100.0,0.0,0.0,2.3694873756684607,0.9599899717972517,0.004979999997885898,-0.21263258622780884
14,7,Standard QAOA,5.0,48,0.0,True,p_scaling,83.60786018448152,100.0,100.0,0.0,0.0,2.607415200007381,0.0
14,7,XY-QAOA Regularized,5.0,48,0.0,True,p_scaling,99.99999999999984,10.338031024721353,10.338031024721353,2.344010765305847,0.9588978724282766,2.587842400011141,-0.19065056349491058
14,7,Gurobi,,49,,True,p_scaling,100.0,0.0,0.0,3.0901143268219906,0.509276411196791,0.00452259999292437,-0.19761365269646575
14,7,Standard QAOA,5.0,49,0.0,True,p_scaling,54.41870678708831,100.0,100.0,0.0,0.0,2.5337697000068147,0.0
14,7,XY-QAOA Regularized,5.0,49,0.0,True,p_scaling,100.00000000000007,9.598402279300927,9.598402279300927,2.616485612470597,0.5482104551762962,2.4788419999968028,-0.17864589935183836
14,7,Gurobi,,42,,True,p_scaling,100.0,0.0,0.0,2.3319254836591403,1.374016892659323,0.00500340000144206,-0.16592715368449842
14,7,Standard QAOA,6.0,42,0.0,True,p_scaling,83.02043234222096,100.0,100.0,0.0,0.0,3.317682099994272,0.0
14,7,XY-QAOA Regularized,6.0,42,0.0,True,p_scaling,99.99999999999997,20.69448648657714,20.69448648657714,1.788245469826889,0.6245176312990008,3.1634957999922335,-0.13158938128769782
14,7,Gurobi,,43,,True,p_scaling,100.0,0.0,0.0,2.2535393127755237,1.2959754326281852,0.004978099997970276,-0.18801383917150982
14,7,Standard QAOA,6.0,43,0.0,True,p_scaling,61.435091611390376,0.0,0.0,1.7332559065383562,0.6077816070215104,3.264886100005242,-0.21654808938184436
14,7,XY-QAOA Regularized,6.0,43,0.0,True,p_scaling,100.00000000000007,18.500790133081434,18.500790133081434,1.8211675594526053,1.2404621574965926,3.184912800003076,-0.15322979336523954
14,7,Gurobi,,44,,True,p_scaling,100.0,0.0,0.0,2.4667402392654236,0.6142244492892334,0.004712800000561401,-0.16303213854251009
14,7,Standard QAOA,6.0,44,0.0,True,p_scaling,76.28411474923159,0.0,0.0,1.6685257093567913,0.09498387286777364,3.279206000006525,-0.18856024116778713
14,7,XY-QAOA Regularized,6.0,44,0.0,True,p_scaling,100.00000000000004,34.00430236452667,34.00430236452667,1.8321474225684262,0.14783048042774533,3.3607421000051545,-0.10759419720116092
14,7,Gurobi,,45,,True,p_scaling,100.0,0.0,0.0,2.523230895047299,0.8352536401397629,0.004627200003596954,-0.1911175701628825
14,7,Standard QAOA,6.0,45,0.0,True,p_scaling,87.54796953103344,0.0,0.0,1.9145366190396926,0.4992919328655887,3.5073311000014655,-0.22445456566332023
14,7,XY-QAOA Regularized,6.0,45,0.0,True,p_scaling,99.99999999999997,11.874275747128527,11.874275747128527,2.3142754984255247,0.6804347198621314,3.277396699995734,-0.16842374288053
14,7,Gurobi,,46,,True,p_scaling,100.0,0.0,0.0,2.7471634427252303,0.5932491439584662,0.005030600004829466,-0.17097596653358674
14,7,Standard QAOA,6.0,46,0.0,True,p_scaling,86.15076866130735,100.0,100.0,0.0,0.0,3.2610031999938656,0.0
14,7,XY-QAOA Regularized,6.0,46,0.0,True,p_scaling,100.00000000000009,26.64399714965452,26.64399714965452,2.082976746446425,0.42590929504350633,3.3327477000129875,-0.12542113488378362
14,7,Gurobi,,47,,True,p_scaling,100.0,0.0,0.0,2.8136773445502645,0.6494039994898749,0.004962000006344169,-0.19927561297031607
14,7,Standard QAOA,6.0,47,0.0,True,p_scaling,84.00218475876295,0.0,0.0,2.0460012556675333,0.4755124121943701,3.3486220999911893,-0.24738479967045826
14,7,XY-QAOA Regularized,6.0,47,0.0,True,p_scaling,100.00000000000007,16.6053608071367,16.6053608071367,2.290068002262984,0.39594414677394757,3.3852840999898035,-0.16618517843596178
14,7,Gurobi,,48,,True,p_scaling,100.0,0.0,0.0,2.3694873756684607,0.9599899717972517,0.004825500000151806,-0.21263258622780884
14,7,Standard QAOA,6.0,48,0.0,True,p_scaling,71.15643256501838,100.0,100.0,0.0,0.0,3.447653999988688,0.0
14,7,XY-QAOA Regularized,6.0,48,0.0,True,p_scaling,100.00000000000009,6.884762174867396,6.884762174867396,2.5848653517630837,0.7167996712573935,3.2384272999915993,-0.19799333835975436
14,7,Gurobi,,49,,True,p_scaling,100.0,0.0,0.0,3.0901143268219906,0.509276411196791,0.005028899991884828,-0.19761365269646575
14,7,Standard QAOA,6.0,49,0.0,True,p_scaling,39.2514741170153,0.0,0.0,2.4633973652081442,0.34403459342513143,3.3984820999903604,-0.2531358079693692
14,7,XY-QAOA Regularized,6.0,49,0.0,True,p_scaling,99.99999999999984,17.455156629193127,17.455156629193127,2.6082696812921617,0.4662259701925813,3.3170635999995284,-0.16311988009762793
14,7,Gurobi,,42,,True,p_scaling,100.0,0.0,0.0,2.3319254836591403,1.374016892659323,0.0050355999992461875,-0.16592715368449842
14,7,Standard QAOA,7.0,42,0.0,True,p_scaling,82.2859543482385,0.0,0.0,1.7915344612592516,0.5105710057414979,4.235347099995124,-0.1935948432485101
14,7,XY-QAOA Regularized,7.0,42,0.0,True,p_scaling,99.9999999999999,18.03837244778973,18.03837244778973,2.129207053289879,1.1064782949594931,4.209733200012124,-0.13599659571087214
14,7,Gurobi,,43,,True,p_scaling,100.0,0.0,0.0,2.2535393127755237,1.2959754326281852,0.005498400001670234,-0.18801383917150982
14,7,Standard QAOA,7.0,43,0.0,True,p_scaling,88.11397199575009,0.0,0.0,1.7332559065383562,0.6077816070215104,4.315045700001065,-0.21654808938184436
14,7,XY-QAOA Regularized,7.0,43,0.0,True,p_scaling,99.99999999999997,9.072773470667336,9.072773470667336,2.0714893272342074,1.160374356977369,4.036057199991774,-0.17095576944997393
14,7,Gurobi,,44,,True,p_scaling,100.0,0.0,0.0,2.4667402392654236,0.6142244492892334,0.004537999993772246,-0.16303213854251009
14,7,Standard QAOA,7.0,44,0.0,True,p_scaling,86.55406583478735,0.0,0.0,1.6685257093567913,0.09498387286777364,4.058853599999566,-0.18856024116778713
14,7,XY-QAOA Regularized,7.0,44,0.0,True,p_scaling,99.99999999999987,12.474479514817068,12.474479514817068,2.2744643718369835,0.347659120842029,4.134493899997324,-0.14269472781745648
14,7,Gurobi,,45,,True,p_scaling,100.0,0.0,0.0,2.523230895047299,0.8352536401397629,0.005072899992228486,-0.1911175701628825
14,7,Standard QAOA,7.0,45,0.0,True,p_scaling,6.828190488061386,2.1519769142953433,2.1519769142953433,1.7602467350836097,0.40675234985782116,4.13147609999578,-0.18700476417381506
14,7,XY-QAOA Regularized,7.0,45,0.0,True,p_scaling,100.00000000000031,32.60849983205859,32.60849983205859,2.263894512484828,0.4584021812123758,4.048419200000353,-0.1287969976172845
14,7,Gurobi,,46,,True,p_scaling,100.0,0.0,0.0,2.7471634427252303,0.5932491439584662,0.005032699991716072,-0.17097596653358674
14,7,Standard QAOA,7.0,46,0.0,True,p_scaling,92.28310951623476,0.0,0.0,1.848358629630339,1.018486763339018,4.0329405999946175,-0.21837492677424686
14,7,XY-QAOA Regularized,7.0,46,0.0,True,p_scaling,100.00000000000009,20.83252177049511,20.83252177049511,1.777156197162066,1.5179563277887897,4.006270100013353,-0.13535736108316285
14,7,Gurobi,,47,,True,p_scaling,100.0,0.0,0.0,2.8136773445502645,0.6494039994898749,0.00451220000104513,-0.19927561297031607
14,7,Standard QAOA,7.0,47,0.0,True,p_scaling,33.8118898228507,0.0,0.0,2.0460012556675333,0.4755124121943701,4.083302700004424,-0.24738479967045826
14,7,XY-QAOA Regularized,7.0,47,0.0,True,p_scaling,99.99999999999984,15.054891029946443,15.054891029946443,2.186504338907873,0.6829908226741658,3.985451999993529,-0.16927488658837717
14,7,Gurobi,,48,,True,p_scaling,100.0,0.0,0.0,2.3694873756684607,0.9599899717972517,0.0050020999915432185,-0.21263258622780884
14,7,Standard QAOA,7.0,48,0.0,True,p_scaling,6.145573513393608,100.0,100.0,0.0,0.0,4.039937599998666,0.0
14,7,XY-QAOA Regularized,7.0,48,0.0,True,p_scaling,100.00000000000016,22.05310850676074,22.05310850676074,2.120033046266606,1.0341875339399667,4.015190599995549,-0.16574049126625856
14,7,Gurobi,,49,,True,p_scaling,100.0,0.0,0.0,3.0901143268219906,0.509276411196791,0.004594899990479462,-0.19761365269646575
14,7,Standard QAOA,7.0,49,0.0,True,p_scaling,91.77233579865415,100.0,100.0,0.0,0.0,4.2004372000083094,0.0
14,7,XY-QAOA Regularized,7.0,49,0.0,True,p_scaling,99.99999999999993,4.2654073315137975,4.2654073315137975,2.8910358109272765,0.5702536753079157,4.003103300012299,-0.18918462546627848
14,7,Gurobi,,42,,True,p_scaling,100.0,0.0,0.0,2.3319254836591403,1.374016892659323,0.007077500005834736,-0.16592715368449842
14,7,Standard QAOA,8.0,42,0.0,True,p_scaling,74.33084838318533,103.8090902394525,103.8090902394525,-0.23949946478404135,-0.4562185592067768,4.893153500001063,0.006320315015597604
14,7,XY-QAOA Regularized,8.0,42,0.0,True,p_scaling,99.99999999999983,4.079185134812486,4.079185134812486,2.4169656869244425,0.5182163386692248,5.1068375000031665,-0.1591586778967829
14,7,Gurobi,,43,,True,p_scaling,100.0,0.0,0.0,2.2535393127755237,1.2959754326281852,0.005514999997103587,-0.18801383917150982
14,7,Standard QAOA,8.0,43,0.0,True,p_scaling,71.35240310734193,68.43690304837035,68.43690304837035,1.671773810995089,1.1219602039619028,5.667136799995205,-0.05934299034018467
14,7,XY-QAOA Regularized,8.0,43,0.0,True,p_scaling,99.99999999999976,12.047976226643083,12.047976226643083,1.8737631098435616,1.1717403409991032,5.108538200001931,-0.16536197652532736
14,7,Gurobi,,44,,True,p_scaling,100.0,0.0,0.0,2.4667402392654236,0.6142244492892334,0.004559299995889887,-0.16303213854251009
14,7,Standard QAOA,8.0,44,0.0,True,p_scaling,86.85784728489563,100.0,100.0,0.0,0.0,5.251162899992778,0.0
14,7,XY-QAOA Regularized,8.0,44,0.0,True,p_scaling,99.99999999999991,50.47393509441955,50.47393509441955,1.1980961607459928,0.2969822835987719,4.9757079999981215,-0.08074340275151938
14,7,Gurobi,,45,,True,p_scaling,100.0,0.0,0.0,2.523230895047299,0.8352536401397629,0.004745900005218573,-0.1911175701628825
14,7,Standard QAOA,8.0,45,0.0,True,p_scaling,60.3166521312545,100.0,100.0,0.0,0.0,4.941918800002895,0.0
14,7,XY-QAOA Regularized,8.0,45,0.0,True,p_scaling,100.00000000000023,7.422492555879287,7.422492555879287,2.707642471303183,0.6479344652988656,5.033281500000157,-0.17693188274456517
14,7,Gurobi,,46,,True,p_scaling,100.0,0.0,0.0,2.7471634427252303,0.5932491439584662,0.0051081999990856275,-0.17097596653358674
14,7,Standard QAOA,8.0,46,0.0,True,p_scaling,70.58404380127972,100.0,100.0,0.0,0.0,5.012268200007384,0.0
14,7,XY-QAOA Regularized,8.0,46,0.0,True,p_scaling,100.00000000000004,18.677873101836422,18.677873101836422,1.8564676014263075,1.5659823911915018,4.964665799998329,-0.1390412924698051
14,7,Gurobi,,47,,True,p_scaling,100.0,0.0,0.0,2.8136773445502645,0.6494039994898749,0.004739199997857213,-0.19927561297031607
14,7,Standard QAOA,8.0,47,0.0,True,p_scaling,70.74310790178016,100.0,100.0,0.0,0.0,4.982542999990983,0.0
14,7,XY-QAOA Regularized,8.0,47,0.0,True,p_scaling,100.00000000000004,10.796369729107171,10.796369729107171,2.5294684646170844,0.6026549179048841,4.997368100011954,-0.1777610810140961
14,7,Gurobi,,48,,True,p_scaling,100.0,0.0,0.0,2.3694873756684607,0.9599899717972517,0.0046494999987771735,-0.21263258622780884
14,7,Standard QAOA,8.0,48,0.0,True,p_scaling,65.99613823766455,0.0,0.0,2.0046713464556336,0.7027078291316677,4.93420290001086,-0.26806877734446266
14,7,XY-QAOA Regularized,8.0,48,0.0,True,p_scaling,100.00000000000013,7.805674915528781,7.805674915528781,2.4170612642304556,0.6494453347461357,5.128970899997512,-0.19603517778238466
14,7,Gurobi,,49,,True,p_scaling,100.0,0.0,0.0,3.0901143268219906,0.509276411196791,0.00477740001224447,-0.19761365269646575
14,7,Standard QAOA,8.0,49,0.0,True,p_scaling,70.17906628349137,77.9227828906868,77.9227828906868,2.386669648021044,1.266509338292442,5.027580699999817,-0.043627595143442895
14,7,XY-QAOA Regularized,8.0,49,0.0,True,p_scaling,99.99999999999982,11.971972750098418,11.971972750098418,2.4745496774909745,0.3418654245597417,4.99499440001091,-0.17395540004517074
